group_id,name,acronym,year,address,phone,fax,email,website,campus,cytema,n_lines,n_ris3,n_offer,n_projects,n_people,detail_url
4,QUÍMICA Y CONTAMINACIÓN ATMOSFÉRICA,QYCA,1991,"AVDA. CAMILO JOSÉ CELA, 10 E13071 - CIUDAD REAL (ESPAÑA)",(+34) 926 295 300 (Exts. 3425 y 6239),.,BEATRIZ.CABANAS@UCLM.ES,,CIUDAD REAL,Pertenece a Cytema,0,0,9,1,1,https://www.uclm.es/Home/Misiones/Investigacion/OfertaCientificoTecnica/GruposInvestigacion/DetalleGrupo?idgrupo=4
5,GRAMMATICA VARIA. ESTUDIOS SOBRE GRAMÁTICA Y VARIACIÓN,GRAVA,2001,AVDA. CAMILO JOSÉ CELA S/N. E13071 - CIUDAD REAL (ESPAÑA),(+34) 926 295 300,(+34) 926 295 312,GRUPO.GRAVA@UCLM.ES,,CIUDAD REAL,,0,0,9,1,1,https://www.uclm.es/Home/Misiones/Investigacion/OfertaCientificoTecnica/GruposInvestigacion/DetalleGrupo?idgrupo=5
6,APOPTOSIS CELULAR,APOCELL,1996,AVDA. DE ESPAÑA S/N E02071 - ALBACETE (ESPAÑA),(+34) 967 599 320,(+34) 967 599 320,CARMEN.GONZALEZ@UCLM.ES,,ALBACETE,,0,0,9,1,1,https://www.uclm.es/Home/Misiones/Investigacion/OfertaCientificoTecnica/GruposInvestigacion/DetalleGrupo?idgrupo=6
7,PROGRAMACION DECLARATIVA Y TRANSFORMACIÓN AUTOMÁTICA DE PROGRAMAS,DEC-TAU,2000,"PASEO DE LA UNIVERSIDAD, 4 E13071 - CIUDAD REAL (ESPAÑA)",(+34) 926 295 300,(+34) 926 295 354,PASCUAL.JULIAN@UCLM.ES,http://dectau.uclm.es,CIUDAD REAL,Pertenece a Cytema,0,0,9,1,1,https://www.uclm.es/Home/Misiones/Investigacion/OfertaCientificoTecnica/GruposInvestigacion/DetalleGrupo?idgrupo=7
8,"EMOTIONS ACROSS TIME, LANGUAGES AND CULTURES",EMOTLC,2001,"AVDA. DE CAMILO JOSÉ CELA, S/N E-13071 - CIUDAD REAL (ESPAÑA)",(+34) 926 295 300,(+34) 926 295 312,JAVIERENRIQUE.DIAZ@UCLM.ES,,CIUDAD REAL,,0,0,9,1,1,https://www.uclm.es/Home/Misiones/Investigacion/OfertaCientificoTecnica/GruposInvestigacion/DetalleGrupo?idgrupo=8
9,"AUTOMATIZACION, ROBOTICA Y MECATRONICA",GARM,1994,"ESCUELA TECNICA SUPERIOR DE INGENIEROS INDUSTRIALES. EDIFICIO POLITECNICO. AVDA CAMILO JOSE CELA, S/N. CIUDAD REAL. 13071",(+34) 926 295 364,(+34) 926 295 361,VICENTE.FELIU@UCLM.ES,,CIUDAD REAL,Pertenece a Cytema,0,0,9,1,1,https://www.uclm.es/Home/Misiones/Investigacion/OfertaCientificoTecnica/GruposInvestigacion/DetalleGrupo?idgrupo=9
10,MATERIALES MAGNÉTICOS,GMM,1991,AVDA. CAMILO JOSÉ CELA 10 E13071 - CIUDAD REAL (ESPAÑA),(+34) 926 295 300 EXT. 3480,(+34) 926 295 318,JUANPEDRO.ANDRES@UCLM.ES,,CIUDAD REAL,,0,0,9,1,1,https://www.uclm.es/Home/Misiones/Investigacion/OfertaCientificoTecnica/GruposInvestigacion/DetalleGrupo?idgrupo=10
12,ANÁLISIS POR ACOPLAMIENTO LC-GC,ALC-GC,1997,CAMPUS UNIVERSITARIO S/N E02071 - ALBACETE (ESPAÑA),(+34) 967 599 200. EXT. 2839,(+34) 967 599 238,JOSEMANUEL.CORTES@UCLM.ES,,ALBACETE,Pertenece a Cytema,0,0,9,1,1,https://www.uclm.es/Home/Misiones/Investigacion/OfertaCientificoTecnica/GruposInvestigacion/DetalleGrupo?idgrupo=12
13,MEDIO AMBIENTE Y RECURSOS FORESTALES,MARFO,1996,CAMPUS UNIVERSITARIO E02071 - ALBACETE (ESPAÑA),(+34) 926053108,MOVIL (+34) 649576785,FCO.LOPEZ@UCLM.ES,https://www.uclm.es/centros-investigacion/ier/medioam,ALBACETE,Pertenece a Cytema,0,0,9,1,1,https://www.uclm.es/Home/Misiones/Investigacion/OfertaCientificoTecnica/GruposInvestigacion/DetalleGrupo?idgrupo=13
14,AREA DE DERECHO INTERNACIONAL PÚBLICO,ADIP,1998,"PLAZA DE LA UNIVERSIDAD,1 E02071 - ALBACETE (ESPAÑA)",(+34) 967 599 200 EXT. 2136,(+34) 967 599 216,ANGEL.SLEGIDO@UCLM.ES,,ALBACETE,,0,0,9,1,1,https://www.uclm.es/Home/Misiones/Investigacion/OfertaCientificoTecnica/GruposInvestigacion/DetalleGrupo?idgrupo=14
15,INGENIERÍA HIDRÁULICA,INGHI,2000,CAMILO JOSÉ CELA S/N E13071 - CIUDAD REAL (ESPAÑA),(+34) 926 295 300,(+34) 926 295 391,JAVIER.GONZALEZ@UCLM.ES,,CIUDAD REAL,Pertenece a Cytema,0,0,9,1,1,https://www.uclm.es/Home/Misiones/Investigacion/OfertaCientificoTecnica/GruposInvestigacion/DetalleGrupo?idgrupo=15
17,TECNOLOGÍA QUÍMICA Y MEDIOAMBIENTAL,TEQUIMA,1990,"AVDA. CAMILO JOSÉ CELA, 12. CP 13071 - CIUDAD REAL (ESPAÑA)",(+34) 902 204 100 ext. 3412,(+34) 902 204 130,PABLO.CANIZARES@UCLM.ES,http://diq.uclm.es/,CIUDAD REAL,Pertenece a Cytema,0,0,9,1,1,https://www.uclm.es/Home/Misiones/Investigacion/OfertaCientificoTecnica/GruposInvestigacion/DetalleGrupo?idgrupo=17
18,QUÍMICA AGRÍCOLA,CQA,1985,CAMPUS UNIVERSITARIO S/N. E02071 - ALBACETE (ESPAÑA),(+34) 967 599 310,(+34) 967 599 238,ROSARIO.SALINAS@UCLM.ES,,ALBACETE,,0,0,9,1,1,https://www.uclm.es/Home/Misiones/Investigacion/OfertaCientificoTecnica/GruposInvestigacion/DetalleGrupo?idgrupo=18
19,COMPUTER HUMAN INTERACTION AND COLLABORATION,CHICO,1998,PASEO UNIVERSIDAD 4 E13071 CIUDAD REAL (ESPAÑA),(+34) 926 295 481,(+34) 926 295 354,MIGUEL.REDONDO@UCLM.ES,https://blog.uclm.es/grupochico/,CIUDAD REAL,Pertenece a Cytema,0,0,9,1,1,https://www.uclm.es/Home/Misiones/Investigacion/OfertaCientificoTecnica/GruposInvestigacion/DetalleGrupo?idgrupo=19
20,DERECHO DEL TRABAJO Y SEGURIDAD SOCIAL,IDTSS-UCLM,1991,"C/ CAMILO JOSÉ CELA, S/N E13071 - CIUDAD REAL (ESPAÑA)",(+34) 926 295 394,(+34) 902 240 130,MARIAJOSE.ROMERO@UCLM.ES,,ALBACETE,,0,0,9,1,1,https://www.uclm.es/Home/Misiones/Investigacion/OfertaCientificoTecnica/GruposInvestigacion/DetalleGrupo?idgrupo=20
21,ESTRATEGIA DE CONSUMO SOSTENIBLE 2030,ECS,1989,"COBERTIZO DE SAN PEDRO MÁRTIR S/N, E45071 - TOLEDO (ESPAÑA)",(+34) 925 268 800 EXT. 5136,(+34) 925 268 801,ANGEL.CARRASCO@UCLM.ES,http://centrodeestudiosdeconsumo.com/,TOLEDO,,0,0,9,1,1,https://www.uclm.es/Home/Misiones/Investigacion/OfertaCientificoTecnica/GruposInvestigacion/DetalleGrupo?idgrupo=21
22,MODELIZACIÓN NUMÉRICA PARA EL MEDIO AMBIENTE Y EL CLIMA,MOMAC,2001,"AVDA. CARLOS III, S/N E45071 - TOLEDO (ESPAÑA)",(+34) 925 265738,(+34) 925 268 840,GRUPOMOMAC@GMAIL.COM,https://www.uclm.es/grupos/momac,TOLEDO,Pertenece a Cytema,0,0,9,1,1,https://www.uclm.es/Home/Misiones/Investigacion/OfertaCientificoTecnica/GruposInvestigacion/DetalleGrupo?idgrupo=22
27,BIOGEOQUÍMICA AMBIENTAL,HG-MA,1998,"PL. MANUEL MECA, 1 E13400 - ALMADÉN (CIUDAD REAL - ESPAÑA)",(+34) 902 204 100 EXT. 6017,(+34) 926 264 401,PABLO.HIGUERAS@UCLM.ES,http://www.igea.uclm.es/seccion1/,ALMADÉN,Pertenece a Cytema,0,0,9,1,1,https://www.uclm.es/Home/Misiones/Investigacion/OfertaCientificoTecnica/GruposInvestigacion/DetalleGrupo?idgrupo=27
28,ARQUITECTURA Y REDES DE COMPUTADORES,ARCO,1999,"PASEO DE LA UNIVERSIDAD, 4 E13071 - CIUDAD REAL (ESPAÑA)",(+34) 926 295 426,(+34) 926 295 354,JUANCARLOS.LOPEZ@UCLM.ES,http://arcoresearch.com,CIUDAD REAL,Pertenece a Cytema,0,0,9,1,1,https://www.uclm.es/Home/Misiones/Investigacion/OfertaCientificoTecnica/GruposInvestigacion/DetalleGrupo?idgrupo=28
29,ECONOMÍA ESPAÑOLA E INTERNACIONAL,ISPEC GROUP,1992,"PLAZA DE LA UNIVERSIDAD, 1. E02071 - ALBACETE. (ESPAÑA)",(+34) 967 599 317,(+34) 967 599 317,CARMEN.DIAZMORA@UCLM.ES,http://blog.uclm.es/grupo-eei/,ALBACETE,,0,0,9,1,1,https://www.uclm.es/Home/Misiones/Investigacion/OfertaCientificoTecnica/GruposInvestigacion/DetalleGrupo?idgrupo=29
30,COMBUSTIBLES Y MOTORES,GCM,1996,AVDA. CAMILO JOSÉ CELA S/N E13071 - CIUDAD REAL (ESPAÑA),(+34) 926 295 431,(+34) 926 295 361,MAGIN.LAPUERTA@UCLM.ES,,CIUDAD REAL,Pertenece a Cytema,0,0,9,1,1,https://www.uclm.es/Home/Misiones/Investigacion/OfertaCientificoTecnica/GruposInvestigacion/DetalleGrupo?idgrupo=30
31,NEUROQUÍMICA,GNCR,1987,"AVDA. CAMILO JOSÉ CELA, 10 E13071 - CIUDAD REAL (ESPAÑA )",(+34) 926052505,(+34) 926 295 318,MAIRENA.MARTIN@UCLM.ES,,CIUDAD REAL,,0,0,9,1,1,https://www.uclm.es/Home/Misiones/Investigacion/OfertaCientificoTecnica/GruposInvestigacion/DetalleGrupo?idgrupo=31
32,CINÉTICA QUÍMICA EN DISOLUCIÓN,CQD,1986,CAMPUS UNIVERSITARIO S/N E13071 - CIUDAD REAL (ESPAÑA),(+34) 926 295 300,(+34) 929 295 328,ANTONIO.MUCIENTES@UCLM.ES,,ALMADÉN,,0,0,9,1,1,https://www.uclm.es/Home/Misiones/Investigacion/OfertaCientificoTecnica/GruposInvestigacion/DetalleGrupo?idgrupo=32
33,GRUPO SCICOM: SCIENTIFIC COMPUTING,SCICOM,1991,"PASEO DE LA UNIVERSIDAD, 4 E13071 CIUDAD REAL (ESPAÑA)",(+34) 926 295 362,(+34) 926 295 354,CAMELIA.MUNOZ@UCLM.ES,http://scicom.esi.uclm.es/,TALAVERA,Pertenece a Cytema,0,0,9,1,1,https://www.uclm.es/Home/Misiones/Investigacion/OfertaCientificoTecnica/GruposInvestigacion/DetalleGrupo?idgrupo=33
36,OPTIMIZACIÓN Y MÉTODOS VARIACIONALES EN MEDIOS CONTINUOS,OMEVA,1993,CAMPUS UNIVERSITARIO S/N E13071 - CIUDAD REAL (ESPAÑA),926295161,926295361,JOSECARLOS.BELLIDO@UCLM.ES,http://matematicas.uclm.es/omeva,CIUDAD REAL,,0,0,9,1,1,https://www.uclm.es/Home/Misiones/Investigacion/OfertaCientificoTecnica/GruposInvestigacion/DetalleGrupo?idgrupo=36
37,ENOLOGÍA Y PRODUCTOS NATURALES,OENUS/NATURALIA,1992,"AVDA. CAMILO JOSÉ CELA, 10 E13004 - CIUDAD REAL (ESPAÑA)",(+34) 926 295 338,(+34) 926 295 318,SERGIO.GOMEZ@UCLM.ES,,CIUDAD REAL,,0,0,9,1,1,https://www.uclm.es/Home/Misiones/Investigacion/OfertaCientificoTecnica/GruposInvestigacion/DetalleGrupo?idgrupo=37
38,ALARCOS – SOFTWARE E INFORMACIÓN PARA UN MUNDO DIGITAL Y SOSTENIBLE,ALARCOS,1997,PASEO DE LA UNIVERSIDAD 4 E13071 - CIUDAD REAL (ESPAÑA),(+34) 926 295 480,(+34) 926 295 354,MARIO.PIATTINI@UCLM.ES,http://alarcos.esi.uclm.es,CIUDAD REAL,Pertenece a Cytema,0,0,9,1,1,https://www.uclm.es/Home/Misiones/Investigacion/OfertaCientificoTecnica/GruposInvestigacion/DetalleGrupo?idgrupo=38
39,FILDERMANCHA,FD-UCLM,1990,"FACULTAD DE DERECHO. PLAZA DE LA UNIVERSIDAD, 1, 02071-ALBACETE (ESPAÑA)",(+34) 967 59 92 00,(+34) 967 59 92 00,MARINA.GASCON@UCLM.ES,,TOLEDO,,0,0,9,1,1,https://www.uclm.es/Home/Misiones/Investigacion/OfertaCientificoTecnica/GruposInvestigacion/DetalleGrupo?idgrupo=39
40,ARCYT.ARQUEOLOGÍA ROMANA DE LA CIUDAD Y EL TERRITORIO,ARCYT,1999,"PZ. PADILLA, 4. E45071 - TOLEDO (ESPAÑA)",(+34) 925 268 860,(+34) 925 268 814,REBECA.RUBIO@UCLM.ES,,TOLEDO,,0,0,9,1,1,https://www.uclm.es/Home/Misiones/Investigacion/OfertaCientificoTecnica/GruposInvestigacion/DetalleGrupo?idgrupo=40
41,REDES Y ARQUITECTURAS DE ALTAS PRESTACIONES,RAAP,1993,"AV. DE ESPAÑA, S/N E02071 - ALBACETE (ESPAÑA)",(+34) 902 204 100,(+34) 902 204 130,RAAP@INFO-AB.UCLM.ES,https://www.i3a.uclm.es/raap/,ALBACETE,Pertenece a Cytema,0,0,9,1,1,https://www.uclm.es/Home/Misiones/Investigacion/OfertaCientificoTecnica/GruposInvestigacion/DetalleGrupo?idgrupo=41
42,MODELIZACIÓN EN BIOQUÍMICA,GMB,1979,FACULTAD DE ENFERMERÍA. CAMPUS UNIVERSITARIO,+34650804241,Email de contacto:,MILAGROS.MOLINA@UCLM.ES,,ALBACETE,,0,0,9,1,1,https://www.uclm.es/Home/Misiones/Investigacion/OfertaCientificoTecnica/GruposInvestigacion/DetalleGrupo?idgrupo=42
43,CRIMINOLOGÍA Y DELINCUENCIA JUVENIL,CRIMIJOV,1990,"PLAZA DE LA UNIVERSIDAD, 1 E02071 - ALBACETE (ESPAÑA)",(+34) 967 599 200 EXT. 2756,(+34) 967 599 216,ESTHER.FDEZ@UCLM.ES,,ALBACETE,,0,0,9,1,1,https://www.uclm.es/Home/Misiones/Investigacion/OfertaCientificoTecnica/GruposInvestigacion/DetalleGrupo?idgrupo=43
44,"TRANSPORTES, URBANISMO Y ORDENACIÓN DEL TERRITORIO",TUOT,1999,AVDA. CAMILO JOSÉ CELA S/N E13071 - CIUDAD REAL (ESPAÑA),(+34) 926 295 423,(+34) 926 295 391,ANA.RIVAS@UCLM.ES,,CIUDAD REAL,,0,0,9,1,1,https://www.uclm.es/Home/Misiones/Investigacion/OfertaCientificoTecnica/GruposInvestigacion/DetalleGrupo?idgrupo=44
49,NEURODEATH,NEURODEATH,1997,"PZA DE LA UNIVERSIDAD, 2 E02071 - ALBACETE (ESPAÑA)",68022232,96759920,VALENTIN.CENA@UCLM.ES,,ALBACETE,,0,0,9,1,1,https://www.uclm.es/Home/Misiones/Investigacion/OfertaCientificoTecnica/GruposInvestigacion/DetalleGrupo?idgrupo=49
51,BIOTECNOLOGÍA Y BIOLOGÍA VEGETAL,BIOPLANTA,1990,"AVDA. CARLOS III, S/N. E45071 - TOLEDO (ESPAÑA)",(+34) 925 265 715,(+34) 925 268 840,CARMEN.FENOLL@UCLM.ES,https://www.uclm.es/grupos/gbbmp,TOLEDO,Pertenece a Cytema,0,0,9,1,1,https://www.uclm.es/Home/Misiones/Investigacion/OfertaCientificoTecnica/GruposInvestigacion/DetalleGrupo?idgrupo=51
52,DIABETES Y OBESIDAD CON EL ENVEJECIMIENTO,DOE,1992,"AV. CAMILO JOSÉ CELA, 10 E13071 - CIUDAD REAL (ESPAÑA)",(+34) 926 052692,(+34) 926 295 318,NILDA.GALLARDO@UCLM.ES,http://blog.uclm.es/crib/investigacion/diabetes-y-,CIUDAD REAL,,0,0,9,1,1,https://www.uclm.es/Home/Misiones/Investigacion/OfertaCientificoTecnica/GruposInvestigacion/DetalleGrupo?idgrupo=52
53,ESTUDIOS URBANO-REGIONALES DEL DEPARTAMENTO DE GEOGRAFÍA Y ORDENACION DEL TERRITORIO,EURGEOT,1988,"CAMPUS UNIVERSITARIO, S/N E02071 - ALBACETE (ESPAÑA)",(+34) 967 599 200 EXT. 2785,(+34) 967 599 268,FRANCISCO.CEBRIAN@UCLM.ES,,ALBACETE,,0,0,9,1,1,https://www.uclm.es/Home/Misiones/Investigacion/OfertaCientificoTecnica/GruposInvestigacion/DetalleGrupo?idgrupo=53
54,LABORATORIO DE NEUROANATOMÍA HUMANA,LNA,2000,CAMPUS UNIVERSITARIO S/N E02071 - ALBACETE (ESPAÑA),(+34) 967 599 200 EXT. 2750,(+34) 967 599 272,RICARDO.INSAUSTI@UCLM.ES,,ALBACETE,,0,0,9,1,1,https://www.uclm.es/Home/Misiones/Investigacion/OfertaCientificoTecnica/GruposInvestigacion/DetalleGrupo?idgrupo=54
55,INVESTIGACIÓN Y DESARROLLO DE CONTENIDOS AUDIOVISUALES (IDECA),IDECA,1998,"CAMINO DE POZUELO, S/N E16071 - CUENCA (ESPAÑA)",(+34) 969 179 158,(+34) 969 179 162,IGNACIO.OLIVA@UCLM.ES,,CUENCA,,0,0,9,1,1,https://www.uclm.es/Home/Misiones/Investigacion/OfertaCientificoTecnica/GruposInvestigacion/DetalleGrupo?idgrupo=55
56,"QUÍMICA ANALÍTICA EN LOS CAMPOS CLÍNICO, AGROALIMENTARIO Y MEDIOAMBIENTAL",QACAM,1989,"AVD. CAMILO JOSÉ CELA,10 E13071 - CIUDAD REAL (ESPAÑA)",(+34) 926 295 339,(+34) 926 295 318,ROSACARMEN.RODRIGUEZ@UCLM.ES,,TOLEDO,Pertenece a Cytema,0,0,9,1,1,https://www.uclm.es/Home/Misiones/Investigacion/OfertaCientificoTecnica/GruposInvestigacion/DetalleGrupo?idgrupo=56
57,AREA DE DERECHO ADMINISTRATIVO,ADA,1986,COBERTIZO SAN PEDRO MÁRTIR S/N . 45071-TOLEDO,(+34) 967 599 200,(+34) 967 599 216,ISAAC.MDELGADO@UCLM.ES,,TOLEDO,,0,0,9,1,1,https://www.uclm.es/Home/Misiones/Investigacion/OfertaCientificoTecnica/GruposInvestigacion/DetalleGrupo?idgrupo=57
58,TELEDETECCIÓN Y SISTEMAS DE INFORMACIÓN GEOGRÁFICA,TYSIG,1994,"CAMPUS UNIVERSITARIO, S/N E02071 - ALBACETE (ESPAÑA)",(+34) 967 599 200. EXT. 2624,(+34) 967 599 233,JOSE.GONZALEZ@UCLM.ES,http://www.teledeteccionysig.es,ALBACETE,Pertenece a Cytema,0,0,9,1,1,https://www.uclm.es/Home/Misiones/Investigacion/OfertaCientificoTecnica/GruposInvestigacion/DetalleGrupo?idgrupo=58
59,QUÍMICA ORGANOMETÁLICA Y CATÁLISIS HOMOGENEA,QUIMORCA,1986,"AVDA. CAMILO JOSÉ CELA, 10 E13071 - CIUDAD REAL (ESPAÑA)",(+34) 926 295 300 ext 3417,Email de contacto:,FERNANDO.CARRILLO@UCLM.ES,https://blog.uclm.es/fernandocarrillo/,CIUDAD REAL,Pertenece a Cytema,0,0,9,1,1,https://www.uclm.es/Home/Misiones/Investigacion/OfertaCientificoTecnica/GruposInvestigacion/DetalleGrupo?idgrupo=59
60,AGRONOMIA E INGENIERÍA DEL AGUA,AGRIAGUA,1994,"CREA, CAMPUS UNIVERSITARIO - E02071 ALBACETE (ESPAÑA)",+34 926 05 28 87,Email de contacto:,ALFONSO.DOMINGUEZ@UCLM.ES,,ALBACETE,Pertenece a Cytema,0,0,9,1,1,https://www.uclm.es/Home/Misiones/Investigacion/OfertaCientificoTecnica/GruposInvestigacion/DetalleGrupo?idgrupo=60
62,LABORATORIO DE INTERACCIÓN CON EL USUARIO E INGENIERÍA DEL SOFTWARE (LOUISE),LOUISE,2000,"AVDA ESPAÑA, S/N E02071 - ALBACETE (ESPAÑA)",(+34) 967 599 200. EXT. 2457,(+34) 967 599 224,PASCUAL.GONZALEZ@UCLM.ES,http://www.i3a.uclm.es/louise/louise/,ALBACETE,Pertenece a Cytema,0,0,9,1,1,https://www.uclm.es/Home/Misiones/Investigacion/OfertaCientificoTecnica/GruposInvestigacion/DetalleGrupo?idgrupo=62
70,"GROUP FOR RESEARCH IN ORGANIZATIONAL KNOWLEDGE, INNOVATION & STRATEGY",GROKIS,2001,"RONDA DE TOLEDO, S/N E13071 - CIUDAD REAL (ESPAÑA)",(+34) 926 295 300 EXT. 3594,(+34) 926 295 407,FATIMA.GUADAMILLAS@UCLM.ES,,TOLEDO,,0,0,9,1,1,https://www.uclm.es/Home/Misiones/Investigacion/OfertaCientificoTecnica/GruposInvestigacion/DetalleGrupo?idgrupo=70
71,DERECHO FINANCIERO Y TRIBUTARIO,GIDEFIT,1991,"SAN PEDRO MÁRTIR, S/N E45071 - TOLEDO (ESPAÑA)",(+34) 925 268 800 EXT. 5158,(+34) 925 268 801,MIGUELANGEL.COLLADO@UCLM.ES,http://www.uclm.es/cief,TOLEDO,Pertenece a Cytema,0,0,9,1,1,https://www.uclm.es/Home/Misiones/Investigacion/OfertaCientificoTecnica/GruposInvestigacion/DetalleGrupo?idgrupo=71
72,"STRATEGY, INNOVATION, TECHNOLOGY, ENTREPRENEURSHIP AND FAMILY BUSINESS",SITEFB,1995,"PLAZA DE LA UNIVERSIDAD, 1 E02071 - ALBACETE (ESPAÑA)",+34926053300,Email de contacto:,JUAN.JIMENEZ@UCLM.ES,https://blog.uclm.es/juanjimenez/transferencia/,ALBACETE,Pertenece a Cytema,0,0,9,1,1,https://www.uclm.es/Home/Misiones/Investigacion/OfertaCientificoTecnica/GruposInvestigacion/DetalleGrupo?idgrupo=72
73,DERECHO PENAL,DEPE,1990,"REAL CASA DE LA MISERICORDIA, CALLE ALTAGRACIA Nº 50. CIUDAD REAL.",(+34) 902 204 100. EXT. 6316,(+34) 926 295 235,ROSARIO.VICENTE@UCLM.ES,,ALBACETE,,0,0,9,1,1,https://www.uclm.es/Home/Misiones/Investigacion/OfertaCientificoTecnica/GruposInvestigacion/DetalleGrupo?idgrupo=73
74,DINÁMICA Y VIBRACIONES,DYNAMO,1999,"CAMPUS UNIVERSITARIO, S/N E13071 - CIUDAD REAL (ESPAÑA)",(+34) 926 295 434,(+34) 926 295 361,PUBLIO.PINTADO@UCLM.ES,,CIUDAD REAL,,0,0,9,1,1,https://www.uclm.es/Home/Misiones/Investigacion/OfertaCientificoTecnica/GruposInvestigacion/DetalleGrupo?idgrupo=74
75,SISTEMAS INTELIGENTES APLICADOS (ORETO),ORETO,1997,"PASEO DE LA UNIVERSIDAD, 4 E13170 - CIUDAD REAL (ESPAÑA)",(+34) 926 295 484,(+34) 926 295 354,LUIS.JIMENEZ@UCLM.ES,https://www.uclm.es/es/grupos/oreto/oreto,CIUDAD REAL,Pertenece a Cytema,0,0,9,1,1,https://www.uclm.es/Home/Misiones/Investigacion/OfertaCientificoTecnica/GruposInvestigacion/DetalleGrupo?idgrupo=75
82,INVESTIGACIÓN INTERDISCIPLINAR DE SISTEMAS DINÁMICOS,GI²SD,2002,"AVDA ESPAÑA S/N, E02071 - ALBACETE (ESPAÑA)",(+34) 967 599 200. EXT. 2458,(+34) 967 599 224,MARIAMAR.ARTIGAO@UCLM.ES,,ALBACETE,Pertenece a Cytema,0,0,9,1,1,https://www.uclm.es/Home/Misiones/Investigacion/OfertaCientificoTecnica/GruposInvestigacion/DetalleGrupo?idgrupo=82
83,CIENCIA E INGENIERÍA DE LOS MATERIALES Y DE FABRICACIÓN,CIMAF,2002,"AVDA. ESPAÑA, S/N E02071 - ALBACETE (ESPAÑA)",(+34) 967 599 200. EXT. 2443,(+34) 967 599 224,VALENTIN.MIGUEL@UCLM.ES,,ALBACETE,,0,0,9,1,1,https://www.uclm.es/Home/Misiones/Investigacion/OfertaCientificoTecnica/GruposInvestigacion/DetalleGrupo?idgrupo=83
84,NANOTECNOLOGÍA Y MATERIALES,NANOMAT,2002,"PLAZA MANUEL MECA, 1 E13400 - ALMADÉN (CIUDAD REAL - ESPAÑA)",(+34) 926 26 40 07,(+34) 926 26 44 01,TERESA.CUBERES@UCLM.ES,http://blog.uclm.es/gruponanomat/,ALMADÉN,,0,0,9,1,1,https://www.uclm.es/Home/Misiones/Investigacion/OfertaCientificoTecnica/GruposInvestigacion/DetalleGrupo?idgrupo=84
85,INVESTIGACIÓN CUALITATIVA SOBRE ENFERMERÍA Y SOCIEDAD,GICES,2003,"PZA. DE LA UNIVERSIDAD,2 E02071 - ALBACETE (ESPAÑA)",(+34) 967 599 200. EXT. 2766,(+34) 967 599 346,VICTORIA.DELICADO@UCLM.ES,,ALBACETE,,0,0,9,1,1,https://www.uclm.es/Home/Misiones/Investigacion/OfertaCientificoTecnica/GruposInvestigacion/DetalleGrupo?idgrupo=85
87,DERECHO CONSTITUCIONAL,GRUCONS,2002,"COBERTIZO DE SAN PEDRO MÁRTIR, S/N E45071 - TOLEDO (ESPAÑA)",(+34) 925 268 800 EXT. 5188,(+34) 925 268 801,FCOJAVIER.DREVORIO@UCLM.ES,https://blog.uclm.es/derechoconstitucionaltoledo/,TOLEDO,,0,0,9,1,1,https://www.uclm.es/Home/Misiones/Investigacion/OfertaCientificoTecnica/GruposInvestigacion/DetalleGrupo?idgrupo=87
91,SISTEMAS INTELIGENTES Y MINERÍA DE DATOS,SIMD,2002,"INSTITUTO DE INVESTIGACIÓN EN INFORMÁTICA. AVDA. ESPAÑA, S/N E02071 - ALBACETE (ESPAÑA)",(+34) 967 599 200. EXT. 2473,(+34) 967 599 224,JOSE.GAMEZ@UCLM.ES,https://www.i3a.uclm.es/simd,ALBACETE,Pertenece a Cytema,0,0,9,1,1,https://www.uclm.es/Home/Misiones/Investigacion/OfertaCientificoTecnica/GruposInvestigacion/DetalleGrupo?idgrupo=91
92,MARKETING Y NUEVAS TECNOLOGÍAS DE LA INFORMACIÓN Y LA COMUNICACIÓN,MARKETIC,2002,"PLAZA DE LA UNIVERSIDAD, S/N E02071 - ALBACETE (ESPAÑA)",(+34) 967 599 200. EXT. 2309,(+34) 967 599 224,MIGUELANGEL.GBORJA@UCLM.ES,http://www.marketic.es,ALBACETE,Pertenece a Cytema,0,0,9,1,1,https://www.uclm.es/Home/Misiones/Investigacion/OfertaCientificoTecnica/GruposInvestigacion/DetalleGrupo?idgrupo=92
93,MSOC-FOTÓNICA ORGÁNICA-RMN,MSOC-PHOTONMR,1993,"AVDA. CAMILO JOSÉ CELA, 10 E13071 - CIUDAD REAL (ESPAÑA)",(+34) 926 295 411,(+34) 926 295 318,ANGEL.DIAZ@UCLM.ES,https://www.uclm.es/grupos/umsoc,CIUDAD REAL,Pertenece a Cytema,0,0,9,1,1,https://www.uclm.es/Home/Misiones/Investigacion/OfertaCientificoTecnica/GruposInvestigacion/DetalleGrupo?idgrupo=93
94,QUÍMICA DE LA COORDINACIÓN APLICADA,QCA,2002,"AVDA. CAMILO JOSÉ CELA, 10 E13071 - CIUDAD REAL (ESPAÑA)",(+34) 926 295 370,(+34) 926 295 318,BLANCA.MANZANO@UCLM.ES,https://www.uclm.es/home/misiones/investigacion/ofertacientificotecnica/gruposinvestigacion/detallegrupo?idgrupo=94,CIUDAD REAL,Pertenece a Cytema,0,0,9,1,1,https://www.uclm.es/Home/Misiones/Investigacion/OfertaCientificoTecnica/GruposInvestigacion/DetalleGrupo?idgrupo=94
95,MATERIALES MOLECULARES,MATMOL-TO,2002,"AVDA. CARLOS III, S/N E45071 - TOLEDO (ESPAÑA)",(+34) 925 26 88 43,(+34) 925 268 840,PILAR.CRUZ@UCLM.ES,https://www.uclm.es/grupos/nanomateriales,TOLEDO,Pertenece a Cytema,0,0,9,1,1,https://www.uclm.es/Home/Misiones/Investigacion/OfertaCientificoTecnica/GruposInvestigacion/DetalleGrupo?idgrupo=95
96,FISIOLOGÍA Y DINÁMICA CELULAR,CELL_PHYSIOL,2002,"FACULTAD DE MEDICINA, C/ ALMANSA 14, 02006 ALBACETE",(+34) 967 599 200. EXT. 2936,(+34) 967 599 224,JUAN.LLOPIS@UCLM.ES,,ALBACETE,Pertenece a Cytema,0,0,9,1,1,https://www.uclm.es/Home/Misiones/Investigacion/OfertaCientificoTecnica/GruposInvestigacion/DetalleGrupo?idgrupo=96
97,FISIOLOGÍA DEL EJERCICIO Y RENDIMIENTO DEPORTIVO,EPSP,2002,"AVDA CARLOS III, S/N E45071 - TOLEDO (ESPAÑA)",(+34) 925 268 800,925268800,RICARDO.MORA@UCLM.ES,,TOLEDO,,0,0,9,1,1,https://www.uclm.es/Home/Misiones/Investigacion/OfertaCientificoTecnica/GruposInvestigacion/DetalleGrupo?idgrupo=97
98,DIVULGACION DE LA QUIMICA E INVESTIGACION EN LUMINISCENCIA Y OPTICA,COLOR,2002,"AVDA. CAMILO JOSÉ CELA, 10 E13071 - CIUDAD REAL (ESPAÑA)",(+34) 926 295 370,(+34) 926 295 318,JOSEANTONIO.MURILLO@UCLM.ES,,CIUDAD REAL,Pertenece a Cytema,0,0,9,1,1,https://www.uclm.es/Home/Misiones/Investigacion/OfertaCientificoTecnica/GruposInvestigacion/DetalleGrupo?idgrupo=98
99,LABORATORIO DE ONCOLOGÍA MATEMÁTICA,MOLAB,2002,"AVDA CAMILO JOSE CELA, S/N E13071 - CIUDAD REAL (ESPAÑA)",(+34) 657734679,(+34) 926295361,VICTOR.PEREZGARCIA@UCLM.ES,http://matematicas.uclm.es/molab,CIUDAD REAL,,0,0,9,1,1,https://www.uclm.es/Home/Misiones/Investigacion/OfertaCientificoTecnica/GruposInvestigacion/DetalleGrupo?idgrupo=99
100,MECÁNICA DE SÓLIDOS,SOLIDMECH_UCLM,2002,"AVDA. CAMILO JOSÉ CELA, S/N E13071 - CIUDAD REAL (ESPAÑA)",(+34) 902 204 100. EXT. 3257,(+34) 926 295 391,GONZALO.RUIZ@UCLM.ES,,CIUDAD REAL,Pertenece a Cytema,0,0,9,1,1,https://www.uclm.es/Home/Misiones/Investigacion/OfertaCientificoTecnica/GruposInvestigacion/DetalleGrupo?idgrupo=100
101,"GRUPO INTERDISCIPLINAR DE ESTUDIOS SOBRE MIGRACIONES, INTERCULTURALIDAD Y CIUDADANÍA",GIEMIC,2003,"CAMPUS UNIVERSITARIO, S/N. E02071-ALBACETE. ESPAÑA",(+34) 967 599 200 EXT. 2634,(+34) 967 599 233,MARIAJOSE.AGUILAR@UCLM.ES,http://www.giemic.uclm.es,CUENCA,,0,0,9,1,1,https://www.uclm.es/Home/Misiones/Investigacion/OfertaCientificoTecnica/GruposInvestigacion/DetalleGrupo?idgrupo=101
108,ENERGÍAS RENOVABLES,EERR,2002,"AVD. DE ESPAÑA, S/N E02071 - ALBACETE (ESPAÑA)",(+34) 967 599 200. EXT. 2418,(+34) 967 599 224,EMILIO.GOMEZ@UCLM.ES,,ALBACETE,Pertenece a Cytema,0,0,9,1,1,https://www.uclm.es/Home/Misiones/Investigacion/OfertaCientificoTecnica/GruposInvestigacion/DetalleGrupo?idgrupo=108
109,NEUROBIOLOGÍA DEL SISTEMA AUDITIVO,NEUROHEARING,1991,"INSTITUTO DE INVESTIGACIÓN EN DISCAPACIDAES NEUROLÓGICAS-IDINE/FACULTAD DE MEDICINA DE ALBACETE, C/ALMANSA 14, 02005 ALBACETE-SPAIN",967599200,967599200,JOSEMANUEL.JUIZ@UCLM.ES,http://idine.uclm.es,ALBACETE,,0,0,9,1,1,https://www.uclm.es/Home/Misiones/Investigacion/OfertaCientificoTecnica/GruposInvestigacion/DetalleGrupo?idgrupo=109
111,NEGOCIACIÓN Y RESOLUCIÓN DE CONFLICTOS,NEGYRECON,2002,"RONDA DE TOLEDO, S/N E13071 - CIUDAD REAL (ESPAÑA)",(+34) 902 204 100. EXT. 3534,(+34) 925 268 801,JUANRAMON.DEPARAMO@UCLM.ES,,CUENCA,,0,0,9,1,1,https://www.uclm.es/Home/Misiones/Investigacion/OfertaCientificoTecnica/GruposInvestigacion/DetalleGrupo?idgrupo=111
112,MODELIZACIÓN NUMÉRICA DE FLUIDOS BIOLÓGICOS Y GEOFÍSICOS,GEONUM,2002,"AVDA. CAMILO JOSÉ CELA, 10 E13071 - CIUDAD REAL (ESPAÑA)",(+34) 926 295 370,(+34) 926 295 318,HENAR.HERRERO@UCLM.ES,http://www.uclm.es/grupos/geonum,CIUDAD REAL,Pertenece a Cytema,0,0,9,1,1,https://www.uclm.es/Home/Misiones/Investigacion/OfertaCientificoTecnica/GruposInvestigacion/DetalleGrupo?idgrupo=112
116,ESTUDIOS SOCIALES DE LA MEDICINA,GESMED,2002,"PZA. DE LA UNIVERSIDAD,2 E02071- ALBACETE (ESPAÑA)",(+34) 967 299 200,(+34) 967 599 334,JOSE.MPEREZ@UCLM.ES,,ALBACETE,,0,0,9,1,1,https://www.uclm.es/Home/Misiones/Investigacion/OfertaCientificoTecnica/GruposInvestigacion/DetalleGrupo?idgrupo=116
117,INVESTIGACIÓN EN ESTUDIOS SOCIOSANITARIOS,CESS,2002,CAMINO DE POZUELO S/N E16002 - CUENCA (ESPAÑA),(+34) 902 204 100. EXT. 4683 - 4648,(+34) 969 179 178,VICENTE.MARTINEZ@UCLM.ES,,CUENCA,,0,0,9,1,1,https://www.uclm.es/Home/Misiones/Investigacion/OfertaCientificoTecnica/GruposInvestigacion/DetalleGrupo?idgrupo=117
119,ESTUDIOS DEL DESARROLLO DE LA COMPETENCIA MOTRIZ Y LA EXCELENCIA EN EL DEPORTE,EDECOMYEDE,2002,"AVDA. CARLOS III, S/N E45071 - TOLEDO (ESPAÑA)",(+34) 902 204 100 EXT: 5531,925 268 846,NATALIA.RIOJA@UCLM.ES,,TOLEDO,,0,0,9,1,1,https://www.uclm.es/Home/Misiones/Investigacion/OfertaCientificoTecnica/GruposInvestigacion/DetalleGrupo?idgrupo=119
122,SISTEMAS CONCURRENTES Y DE TIEMPO REAL,RETICS,1996,"AVD. DE ESPAÑA, S/N E02071 - ALBACETE (ESPAÑA)",(+34) 967 599 200. EXT. 2499,(+34) 967 599 224,GREGORIO.DIAZ@UCLM.ES,http://www.i3a.uclm.es/retics/,ALBACETE,Pertenece a Cytema,0,0,9,1,1,https://www.uclm.es/Home/Misiones/Investigacion/OfertaCientificoTecnica/GruposInvestigacion/DetalleGrupo?idgrupo=122
123,OBSERVATORIO PERMANENTE DE JUSTICIA CIVIL Y PENAL EUROPEA E INTERNACIONAL,OJO,2002,"COBERTIZO DE SAN PEDRO MÁRTIR, S/N. E45071 - TOLEDO (ESPAÑA)",(+34) 925 268 800 EXT. 5116,(+34) 925 268 801,NICOLAS.GONZALEZ@UCLM.ES,http://www.uclm.es/area/procesal/menú.htm,ALBACETE,,0,0,9,1,1,https://www.uclm.es/Home/Misiones/Investigacion/OfertaCientificoTecnica/GruposInvestigacion/DetalleGrupo?idgrupo=123
127,GESTION DE FAUNA SILVESTRE: CAZA Y CONSERVACIÓN,GEFACACO,2005,"RONDA DE TOLEDO S/N, E13005 - CIUDAD REAL (ESPAÑA)",(+34) 926 295 450,(+34) 926 295 451,LORENZO.PEREZ@UCLM.ES,,CIUDAD REAL,,0,0,9,1,1,https://www.uclm.es/Home/Misiones/Investigacion/OfertaCientificoTecnica/GruposInvestigacion/DetalleGrupo?idgrupo=127
129,INVESTIGACIÓN DEL SECTOR SERVICIOS,GISS,2005,"RONDA DE TOLEDO, S/N. E13071 - CIUDAD REAL (ESPAÑA)",(+34) 925 268 800 EXT. 5010,(+34) 902 204 130,EVANGELINA.ARANDA@UCLM.ES,,TOLEDO,,0,0,9,1,1,https://www.uclm.es/Home/Misiones/Investigacion/OfertaCientificoTecnica/GruposInvestigacion/DetalleGrupo?idgrupo=129
130,"MICROSISTEMAS, SENSORES Y ACTUADORES",MAS,2005,"AVDA CAMILO JOSE CELA, S/N E13071 - CIUDAD REAL (ESPAÑA)",(+34) 926 295 300,(+34) 926 295 361,JOSELUIS.SALDAVERO@UCLM.ES,http://www.ibernam.net/miembros.php?lang=eng&cat=1,TOLEDO,Pertenece a Cytema,0,0,9,1,1,https://www.uclm.es/Home/Misiones/Investigacion/OfertaCientificoTecnica/GruposInvestigacion/DetalleGrupo?idgrupo=130
131,SISTEMAS DE INFORMACIÓN EXTERNA E INTERNA DE LAS ORGANIZACIONES: INFORMACIÓN CORPORATIVA Y PARA LA GESTIÓN,GISEIO,2005,"CAMPUS UNIVERSITARIO, S/N. E02071 - ALBACETE (ESPAÑA)","(+34) 967 599 200 EXT. 2321, 2323, 2320",(+34) 967 599 220,YOLANDA.RAMIREZ@UCLM.ES,,TALAVERA,,0,0,9,1,1,https://www.uclm.es/Home/Misiones/Investigacion/OfertaCientificoTecnica/GruposInvestigacion/DetalleGrupo?idgrupo=131
134,DESARROLLO TERRITORIAL EN CASTILLA-LA MANCHA,DETER,2005,AVDA.CAMILO JOSE CELA S/N E13071 - CIUDAD REAL (ESPAÑA),(+34) 926 295 300,(+34) 926 295 312,MCARMEN.CANIZARES@UCLM.ES,,CIUDAD REAL,,0,0,9,1,1,https://www.uclm.es/Home/Misiones/Investigacion/OfertaCientificoTecnica/GruposInvestigacion/DetalleGrupo?idgrupo=134
135,GRUPO DE INVESTIGACIÓN EN EDUCACIÓN Y SOCIEDAD DE CASTILLA-LA MANCHA,GIES-CLM,2005,AVDA.REAL FÁBRICA DE SEDA S/N E45600 - TALAVERA DE LA REINA (TOLEDO - ESPAÑA),(+34) 902 204 100 EXT. 5653,(+34)925721011,SONIA.MORALES@UCLM.ES,,TALAVERA,,0,0,9,1,1,https://www.uclm.es/Home/Misiones/Investigacion/OfertaCientificoTecnica/GruposInvestigacion/DetalleGrupo?idgrupo=135
140,ENSEÑANZA DEL DEPORTE Y LA ACTIVIDAD FÍSICA,EDAF,2006,"PZA. DE LA UNIVERSIDAD, 3 E02071 - ALBACETE (ESPAÑA)",(+34) 967 599 302,(+34) 967 599 229,JUANG.FERNANDEZ@UCLM.ES,http://www.uclm.es/grupos/edaf/,ALBACETE,,0,0,9,1,1,https://www.uclm.es/Home/Misiones/Investigacion/OfertaCientificoTecnica/GruposInvestigacion/DetalleGrupo?idgrupo=140
142,LABORATORIO DE ACÚSTICA APLICADA A LA INGENIERÍA CIVIL,LA2IC,2005,"AVDA. CAMILO JOSÉ CELA S/N, E13071 - CIUDAD REAL (ESPAÑA)",(+34) 926 295 417,(+34) 926 295 391,SANTIAGO.EXPOSITO@UCLM.ES,http://blog.uclm.es/santiagoexposito/grupo-de-inve,CIUDAD REAL,Pertenece a Cytema,0,0,9,1,1,https://www.uclm.es/Home/Misiones/Investigacion/OfertaCientificoTecnica/GruposInvestigacion/DetalleGrupo?idgrupo=142
144,FLUIDOS Y PLASMAS,FYP,2006,"AVDA CAMILO JOSE CELA, S/N E13071 - CIUDAD REAL (ESPAÑA)",(+34) 926 295 432,(+34) 926 295 361,FRANCISCO.COBOS@UCLM.ES,,TOLEDO,Pertenece a Cytema,0,0,9,1,1,https://www.uclm.es/Home/Misiones/Investigacion/OfertaCientificoTecnica/GruposInvestigacion/DetalleGrupo?idgrupo=144
145,GEOMORFOLOGÍA Y GEOLOGÍA AMBIENTAL,GYGA,2006,"AVDA. CARLOS III, S/N E45071 - TOLEDO (ESPAÑA)",(+34) 925 268 800,(+34) 925 268 840,ROSA.CARRASCO@UCLM.ES,,TOLEDO,,0,0,9,1,1,https://www.uclm.es/Home/Misiones/Investigacion/OfertaCientificoTecnica/GruposInvestigacion/DetalleGrupo?idgrupo=145
147,LITERATURA INFANTIL Y EDUCACIÓN LITERARIA,LIEL,2006,"AVDA. DE LOS ALFARES, 44. E16071 - CUENCA (ESPAÑA)",969179100,(+34) 969 179107,ANGELLUIS.LUJAN@UCLM.ES,,CUENCA,,0,0,9,1,1,https://www.uclm.es/Home/Misiones/Investigacion/OfertaCientificoTecnica/GruposInvestigacion/DetalleGrupo?idgrupo=147
150,INGENIERÍA QUÍMICA Y MEDIOAMBIENTAL DE TOLEDO,INQUIME,2006,"AVDA CARLOS III, S/N E45071 - TOLEDO (ESPAÑA)",(+34) 925 268 800,(+34) 925 268 840,JESUSA.RINCON@UCLM.ES,,TOLEDO,Pertenece a Cytema,0,0,9,1,1,https://www.uclm.es/Home/Misiones/Investigacion/OfertaCientificoTecnica/GruposInvestigacion/DetalleGrupo?idgrupo=150
151,INTERFACES DINÁMICAS EVOLUTIVAS,INDEVOL,2006,SANTA TERESA JORNET S/N. 16071 CUENCA (ESPAÑA),(+34) 969 179 100,(+34) 969 179 102,ANA.NAVARRETE@UCLM.ES,https://voremetur.uc3m.es/aema/,CUENCA,,0,0,9,1,1,https://www.uclm.es/Home/Misiones/Investigacion/OfertaCientificoTecnica/GruposInvestigacion/DetalleGrupo?idgrupo=151
153,SEMINARIO DE ESTUDIOS DEL FRANQUISMO Y TRANSICIÓN,SEFT,2002,"CAMPUS UNIVERSITARIO, S/N E02071 - ALBACETE (ESPAÑA)",(+34) 967 599 200. EXT. 2794,(+34) 967 599 246,MANUEL.ORTIZ@UCLM.ES,,ALBACETE,,0,0,9,1,1,https://www.uclm.es/Home/Misiones/Investigacion/OfertaCientificoTecnica/GruposInvestigacion/DetalleGrupo?idgrupo=153
155,CULTIVOS HERBÁCEOS Y HORTICULTURA,CH&H,2007,"C/ RONDA DE CALATRAVA, 7 E13071 - CIUDAD REAL (ESPAÑA)",(+34) 926 295 323,(+34) 926 295 351,FCOJAVIER.LOPEZ@UCLM.ES,,CIUDAD REAL,,0,0,9,1,1,https://www.uclm.es/Home/Misiones/Investigacion/OfertaCientificoTecnica/GruposInvestigacion/DetalleGrupo?idgrupo=155
156,GERONTOLOGIA SOCIAL Y EDUCATIVA,GESED,2006,"AVDA REAL FABRICA DE SEDAS, S/N. E45600 - TALAVERA DE LA REINA (TOLEDO - ESPAÑA)",(+34) 925 721 010,(+34) 925 721 011,JUAN.LIRIO@UCLM.ES,,TALAVERA,,0,0,9,1,1,https://www.uclm.es/Home/Misiones/Investigacion/OfertaCientificoTecnica/GruposInvestigacion/DetalleGrupo?idgrupo=156
157,NANOMAGNETISMO APLICADO,APNANO,2014,"EDIFICIO MARIE CURIE, AVDA. CAMILO JOSÉ CELA, S/N 13005",(+34) 926052325,(+34) 926 295 318,JOSEANGEL.TORO@UCLM.ES,https://blog.uclm.es/apnano/,TOLEDO,Pertenece a Cytema,0,0,9,1,1,https://www.uclm.es/Home/Misiones/Investigacion/OfertaCientificoTecnica/GruposInvestigacion/DetalleGrupo?idgrupo=157
158,RENDIMIENTO DEPORTIVO,GIRD,1999,"AVDA. CARLOS III, S/N E45071 - TOLEDO (ESPAÑA)",(+34) 925 268 800,(+34) 925 268 846,JOSEMARIA.GONZALEZ@UCLM.ES,,TOLEDO,,0,0,9,1,1,https://www.uclm.es/Home/Misiones/Investigacion/OfertaCientificoTecnica/GruposInvestigacion/DetalleGrupo?idgrupo=158
159,INGENIERÍA QUÍMICA Y MEDIOAMBIENTAL DE LA ETS DE INGENIEROS INDUSTRIALES,IMAES,2003,"AVENIDA CAMILO JOSE CELA, 3 E13071 - CIUDAD REAL (ESPAÑA)",(+34) 926 295 300,(+34) 926 295 361,ANTONIO.DURAN@UCLM.ES,http://imaes.uclm.es,CIUDAD REAL,Pertenece a Cytema,0,0,9,1,1,https://www.uclm.es/Home/Misiones/Investigacion/OfertaCientificoTecnica/GruposInvestigacion/DetalleGrupo?idgrupo=159
160,MODELOS Y ALGORITMOS PARA SISTEMAS DEL TRANSPORTE,MAT,1995,PASEO DE LA UNIVERSIDAD 4. E13071 - CIUDAD REAL (ESPAÑA),(+34) 926 295 300. EXT. 6222,(+34) 926 295 354,RICARDO.GARCIA@UCLM.ES,,CIUDAD REAL,Pertenece a Cytema,0,0,9,1,1,https://www.uclm.es/Home/Misiones/Investigacion/OfertaCientificoTecnica/GruposInvestigacion/DetalleGrupo?idgrupo=160
165,SEMINARIO DE HISTORIA SOCIAL DE LA POBLACION,SEHISP,2000,CAMPUS UNIVERSITARIO S/N E02071 - ALBACETE (ESPAÑA),(+34) 902 204100 EXT.2776,(+34) 967 599246,FRANCISCO.GGONZALEZ@UCLM.ES,http://sehisp.uclm.es/,ALBACETE,,0,0,9,1,1,https://www.uclm.es/Home/Misiones/Investigacion/OfertaCientificoTecnica/GruposInvestigacion/DetalleGrupo?idgrupo=165
167,MODELADO DE AMBIENTES INTELIGENTES,MAMI,2004,"PASEO DE LA UNIVERSIDAD, 4 E13071 - CIUDAD REAL (ESPAÑA)",(+34) 926 295 300,(+34) 926 295 354,RAMON.HLUCAS@UCLM.ES,http://mamilab.eu,CIUDAD REAL,Pertenece a Cytema,0,0,9,1,1,https://www.uclm.es/Home/Misiones/Investigacion/OfertaCientificoTecnica/GruposInvestigacion/DetalleGrupo?idgrupo=167
168,DISEÑO ÓPTIMO DE EXPERIMENTOS,DOEX,2006,"AVDA CARLOS III, S/N, 45071 TOLEDO",925268800,.,RAUL.MMARTIN@UCLM.ES,https://www.uclm.es/grupos/oed,TOLEDO,,0,0,9,1,1,https://www.uclm.es/Home/Misiones/Investigacion/OfertaCientificoTecnica/GruposInvestigacion/DetalleGrupo?idgrupo=168
173,GENETICA HUMANA,GGH,2001,"PZA. DE LA UNIVERSIDAD, E02097 - ALBACETE (ESPAÑA)",(+34) 967 599 200. EXT. 2928,(+34) 902 204 130,JULIO.ESCRIBANO@UCLM.ES,http://idine.uclm.es/idine/index.php/unidades-de-i,ALBACETE,,0,0,9,1,1,https://www.uclm.es/Home/Misiones/Investigacion/OfertaCientificoTecnica/GruposInvestigacion/DetalleGrupo?idgrupo=173
174,CONSERVACIÓN DE FLORA AMENAZADA,COFA,1995,"ESCUELA TECNICA SUPERIOR DE INGENIEROS AGRONOMOS Y DE MONTES. CAMPUS UNIVERSITARIO, S/N. 02071. ALBACETE",(+34) 967 599 294,(+34) 967 599 238,JOSE.HERRANZ@UCLM.ES,,ALBACETE,,0,0,9,1,1,https://www.uclm.es/Home/Misiones/Investigacion/OfertaCientificoTecnica/GruposInvestigacion/DetalleGrupo?idgrupo=174
175,"PSICOLOGIA, EDUCACION Y LECTURA",PEL,2007,"FACULTAD DE CIENCIAS DE LA EDUCACION Y HUMANIDADES. CEPLI. AVENIDA DE LOS ALFARES, 44. 16071. CUENCA",(+34) 969 179 100 EXT.4313,(+34) 969 179107,SANTIAGO.YUBERO@UCLM.ES,,CUENCA,,0,0,9,1,1,https://www.uclm.es/Home/Misiones/Investigacion/OfertaCientificoTecnica/GruposInvestigacion/DetalleGrupo?idgrupo=175
179,GESTION DE LAS ORGANIZACIONES E INSTALACIONES DEPORTIVAS,IGOID,2007,"FACULTAD CC. DEL DEPORTE DE TOLEDO - AVDA. CARLOS III, S/N E45071 - TOLEDO (ESPAÑA)",925268800,925268846,LEONOR.GALLARDO@UCLM.ES,http://igoid.uclm.es/,TOLEDO,Pertenece a Cytema,0,0,9,1,1,https://www.uclm.es/Home/Misiones/Investigacion/OfertaCientificoTecnica/GruposInvestigacion/DetalleGrupo?idgrupo=179
180,"GEOMORFOLOGÍA, TERRITORIO Y PAISAJE EN REGIONES VOLCÁNICAS",GEOVOL,2007,"DEPARTAMENTO DE GEOGRAFIA Y ORDENACION DEL TERRITORIO. FACULTAD DE LETRAS, A/ CAMILO JOSE CELA, S/N. 13071. CIUDAD REAL",(+34) 926 295 371,(+34) 926 195 312,RAFAELU.GOSALVEZ@UCLM.ES,,CIUDAD REAL,Pertenece a Cytema,0,0,9,1,1,https://www.uclm.es/Home/Misiones/Investigacion/OfertaCientificoTecnica/GruposInvestigacion/DetalleGrupo?idgrupo=180
181,SISTEMAS DINÁMICOS,SIDIS,2009,"DEPARTAMENTO DE MATEMÁTICAS. ESCUELA POLITÉCNICA SUPERIOR DE ALBACETE. AVDA. DE ESPAÑA, S/N. 02071 ALBACETE",(+34)967599200 EXT 2417,(+34)9679-599224,JOSE.VALVERDE@UCLM.ES,https://www.uclm.es/home/misiones/investigacion/ofertacientificotecnica/gruposinvestigacion/detallegrupo?idgrupo=181,ALBACETE,Pertenece a Cytema,0,0,9,1,1,https://www.uclm.es/Home/Misiones/Investigacion/OfertaCientificoTecnica/GruposInvestigacion/DetalleGrupo?idgrupo=181
182,"ACTIVIDAD FÍSICA Y SALUD. ESTUDIOS EN RENDIMIENTO DEPORTIVO, EN DISCAPACIDAD Y DE GÉNERO",DEPORSALUD,2008,"CAMPUS TECNOLÓGICO. AVDA. CARLOS III, S/N 45071 TOLEDO.",926051588,Email de contacto:,JAVIER.ABIAN@UCLM.ES,https://www.uclm.es/misiones/investigacion/ofertacientificotecnica/gruposinvestigacion/detallegrupo?idgrupo=182,TOLEDO,,0,0,9,1,1,https://www.uclm.es/Home/Misiones/Investigacion/OfertaCientificoTecnica/GruposInvestigacion/DetalleGrupo?idgrupo=182
184,BOTÁNICA AMBIENTAL Y AEROBIOLOGÍA,BAMBA,2008,"INSTITUTO DE CIENCIAS AMBIENTALES - FACULTAD DE CIENCIAS DEL MEDIO AMBIENTE - AVDA. CARLOS III, S/N - 45071 TOLEDO",925265753; 925265704,925268840,ROSA.PEREZ@UCLM.ES,,TOLEDO,Pertenece a Cytema,0,0,9,1,1,https://www.uclm.es/Home/Misiones/Investigacion/OfertaCientificoTecnica/GruposInvestigacion/DetalleGrupo?idgrupo=184
186,"BOTANICA, ETNOBIOLOGIA Y EDUCACION",BEE,1990,"FACULTAD DE EDUCACIÓN DE ALBACETE - PLAZA DE LA UNIVERSIDAD, 3 - 02071 ALBACETE",967599200 EXT: 2510,967599229,JOSEREYES.RUIZ@UCLM.ES,,ALBACETE,,0,0,9,1,1,https://www.uclm.es/Home/Misiones/Investigacion/OfertaCientificoTecnica/GruposInvestigacion/DetalleGrupo?idgrupo=186
187,"DIVERSIDAD DE INVERTEBRADOS: TAXONOMÍA, ECOLOGÍA Y GESTIÓN",DITEG,2007,"FACULTAD DE CIENCIAS DEL MEDIO AMBIENTE - AVDA. CARLOS III, S/N - 45071 TOLEDO",925268800,925268840,JUANCARLOS.SANCHEZ@UCLM.ES,,TOLEDO,,0,0,9,1,1,https://www.uclm.es/Home/Misiones/Investigacion/OfertaCientificoTecnica/GruposInvestigacion/DetalleGrupo?idgrupo=187
188,ACCIONES SOSTENIBLES EN AGRICULTURA,ASA,2003,"RONDA DE CALATRAVA, 7 - 13071 CIUDAD REAL",926295300 EXT:3795/3798,926295351,MARTAMARIA.MORENO@UCLM.ES,,CIUDAD REAL,,0,0,9,1,1,https://www.uclm.es/Home/Misiones/Investigacion/OfertaCientificoTecnica/GruposInvestigacion/DetalleGrupo?idgrupo=188
190,GRUPO DE INVESTIGACIÓN EN PSICOLOGÍA AMBIENTAL,GIPSAMB,2008,"FACULTAD DE HUMANIDADES DE TOLEDO. PLAZA DE PADILLA, 4. 45071 TOLEDO",925268800,925568814,MARIA.AMERIGO@UCLM.ES,,TOLEDO,Pertenece a Cytema,0,0,9,1,1,https://www.uclm.es/Home/Misiones/Investigacion/OfertaCientificoTecnica/GruposInvestigacion/DetalleGrupo?idgrupo=190
191,"AUTOMATIZACION, SIMPLIFICACION Y MINIATURIZACION DE PROCESOS ANALITICOS",ASM-PA,2008,IRICA Y FTAD. CIENCIAS Y TECNOLOGÍAS QUÍMICAS. CAMPUS UNIVERSITARIO. 14004 CIUDAD REAL,+34 926295232,+34 926295318,ANGEL.RIOS@UCLM.ES,http://orcid.org/0000-0003-1728-3097,CIUDAD REAL,,0,0,9,1,1,https://www.uclm.es/Home/Misiones/Investigacion/OfertaCientificoTecnica/GruposInvestigacion/DetalleGrupo?idgrupo=191
192,ESTUDIOS SOBRE LAS SOCIEDADES ARABES Y MUSULMANAS,GRESAM,2008,"FACULTAD DE HUMANIDADES DE TOLEDO. PLAZA DE PADILLA, 4. 45071 TOLEDO",925268800 (5314),925268814,MIGUEL.HLARRAMENDI@UCLM.ES,http://gresam.humanidadestoledo.uclm.es/,TOLEDO,,0,0,9,1,1,https://www.uclm.es/Home/Misiones/Investigacion/OfertaCientificoTecnica/GruposInvestigacion/DetalleGrupo?idgrupo=192
193,NUEVAS METODOLOGIAS EN LOS MEDIOS DE IMPRESION GRAFICA,NUMMIG,2004,"CAMINO DEL POZUELO, S/N E16071 - CUENCA (ESPAÑA)",969 179100 (4508),969179102,ENRIQUEH.MARTINEZ@UCLM.ES,,,,0,0,9,1,1,https://www.uclm.es/Home/Misiones/Investigacion/OfertaCientificoTecnica/GruposInvestigacion/DetalleGrupo?idgrupo=193
194,MATERIALES PARA LA ENERGÍA Y LABORATORIO DE IMPRESIÓN 3D,3D-ENERMAT,2008,"INSTITUTO DE INVESTIGACION EN ENERGIAS RENOVABLES, PASEO DE LA INVESTIGACION 1. CAMPUS UNIVERSIATIO. 02071 ALBACETE",967599200 EXT:8202,967555321,JESUS.CANALES@UCLM.ES,http://www.ier.uclm.es/pilas_presentacion,ALBACETE,Pertenece a Cytema,0,0,9,1,1,https://www.uclm.es/Home/Misiones/Investigacion/OfertaCientificoTecnica/GruposInvestigacion/DetalleGrupo?idgrupo=194
196,ANALISIS DE PAISAJES NATURALES Y CULTURALES,APANA,2005,"DEPARTAMENTO DE GEOGRAFIA Y ORDENACION DEL TERRITORIO. FACULTAD DE LETRAS, AVENIDA CAMILO JOSE CELA S/N, 13071 CIUDAD REAL",926295371,926195312,JOSELUIS.GARCIA@UCLM.ES,,CIUDAD REAL,,0,0,9,1,1,https://www.uclm.es/Home/Misiones/Investigacion/OfertaCientificoTecnica/GruposInvestigacion/DetalleGrupo?idgrupo=196
197,RAZONAMIENTO CLINICO EN TERAPIA OCUPACIONAL,GIRTO,2007,CEU. TALAVERA DE LA REINA. AVENIDA REAL FABRICA DE SEDAS S/N 45600 TALAVERA DE LA REINA. TOLEDO,925721010 (5625),925721011,PEDRO.MORUNO@UCLM.ES,,,,0,0,9,1,1,https://www.uclm.es/Home/Misiones/Investigacion/OfertaCientificoTecnica/GruposInvestigacion/DetalleGrupo?idgrupo=197
198,ECOLOGIA FORESTAL Y LIMNOLOGIA,ECOFOR,2001,ETSIA/CREA,967599200,967599238,JORGE.HERAS@UCLM.ES,,ALBACETE,Pertenece a Cytema,0,0,9,1,1,https://www.uclm.es/Home/Misiones/Investigacion/OfertaCientificoTecnica/GruposInvestigacion/DetalleGrupo?idgrupo=198
199,ENVIRONMENTAL STRATEGY INTERDISCIPLINARY TEAM & MANAGEMENT,ENSITMA,2008,"ESCUELA SUPERIOR DE INGENIERÍA INFORMÁTICA; CAMPUS UNIVERSITARIO; AVDA. DE ESPAÑA, S/N; 02071-ALBACETE",(+34) 902204100,(+34) 902204130,VIRGINIA.BARBA@UCLM.ES,https://www.uclm.es/grupos/ensitma/,TOLEDO,Pertenece a Cytema,0,0,9,1,1,https://www.uclm.es/Home/Misiones/Investigacion/OfertaCientificoTecnica/GruposInvestigacion/DetalleGrupo?idgrupo=199
200,GRUPO EXPERTO EN ANÁLISIS MÉDICO,GEAM,2008,"ESCUELA UNIVERSITARIA POLITECNICA DE CUENCA, CAMPUS UNIVERSITARIO, 16071 CUENCA",969179124,969179119,JOAQUIN.CASCON@UCLM.ES,http://gea.uclm.es,CUENCA,,0,0,9,1,1,https://www.uclm.es/Home/Misiones/Investigacion/OfertaCientificoTecnica/GruposInvestigacion/DetalleGrupo?idgrupo=200
201,"CRECIMIENTO, DIFERENCIACIÓN Y ACTIVACIÓN CELULAR",CDAC,1998,"AREA DE BIOQUIMICA Y BIOLOGIA MOLECULAR. FACULTAD DE MEDICINA. C/ ALMANSA, 14. 02006 ALBACETE",967599200 EXT. 2921 A 2926,967599327,MARIAJOSE.MARTINEZ@UCLM.ES,,ALBACETE,,0,0,9,1,1,https://www.uclm.es/Home/Misiones/Investigacion/OfertaCientificoTecnica/GruposInvestigacion/DetalleGrupo?idgrupo=201
204,PROMOCION DE LA ACTIVIDAD FISICA PARA LA SALUD,PAFS,2009,"DEPARTAMENTO DE ACTIVIDAD FÍSICA Y CIENCIAS DEL DEPORTE. FACULTAD DE CIENCIAS DEL DEPORTE. TOLEDO, ANTIGUA FÁBRICA DE ARMAS, AVENIDA CARLOS III S/N 45071 TOLEDO",(+34) 925268800 EXT. 5537,(+34) 925268846,SUSANA.AZNAR@UCLM.ES,,TOLEDO,,0,0,9,1,1,https://www.uclm.es/Home/Misiones/Investigacion/OfertaCientificoTecnica/GruposInvestigacion/DetalleGrupo?idgrupo=204
208,ESTUDIOS INTEGRADOS DE LOS CIRCUITOS Y RESPUESTAS BIOLÓGICAS,BIOFORCE,2009,INSTITUTO BOTANICO. CAMPUS UNIVERSITARIO S/N ALBACETE02071,967599200 EXT:2854,967599238,MARIALOURDES.GOMEZ@UCLM.ES,,ALBACETE,Pertenece a Cytema,0,0,9,1,1,https://www.uclm.es/Home/Misiones/Investigacion/OfertaCientificoTecnica/GruposInvestigacion/DetalleGrupo?idgrupo=208
209,VITICULTURA,VITICAM,2009,ESCUELA TECNICA SUPERIOR DE INGENIEROS AGRONOMOS Y DE MONTES,967599200 EXT:2876,967599262,FRANCISCO.MONTERO@UCLM.ES,,ALBACETE,,0,0,9,1,1,https://www.uclm.es/Home/Misiones/Investigacion/OfertaCientificoTecnica/GruposInvestigacion/DetalleGrupo?idgrupo=209
210,INVESTIGACIÓN EN HIDROECOLOGIA,IHE,2008,"ESCUELA TÉCNICA SUPERIOR DE INGENIEROS DE CAMINOS, CANALES Y PUERTOS",+34926295209,+34926295391,GRUPO.IHE@UCLM.ES,https://sites.google.com/site/iheuclm/,CIUDAD REAL,Pertenece a Cytema,0,0,9,1,1,https://www.uclm.es/Home/Misiones/Investigacion/OfertaCientificoTecnica/GruposInvestigacion/DetalleGrupo?idgrupo=210
212,ARTEA: INVESTIGACIÓN Y CREACIÓN ESCÉNICA,ARTEA,2002,FACULTAD DE BELLAS ARTES. DEPARTAMENTO DE HISTORIA DEL ARTE. UCLM. CUENCA,969179100 - 4509,969179102,JOSEA.SANCHEZ@UCLM.ES,http://artea.uclm.es,CUENCA,,0,0,9,1,1,https://www.uclm.es/Home/Misiones/Investigacion/OfertaCientificoTecnica/GruposInvestigacion/DetalleGrupo?idgrupo=212
214,INGENIERIA GEOAMBIENTAL,GEG,2000,"E.T.S. INGENIEROS DE CAMINOS, CANALES Y PUERTOS. EDIFICIO POLITECNICO. AVDA. CAMILO JOSE CELA, S/N. C.P. 13071. CIUDAD REAL","926295453, EXT: 3264",926295391,VICENTE.NAVARRO@UCLM.ES,,CIUDAD REAL,Pertenece a Cytema,0,0,9,1,1,https://www.uclm.es/Home/Misiones/Investigacion/OfertaCientificoTecnica/GruposInvestigacion/DetalleGrupo?idgrupo=214
216,CULTURA VISUAL Y POLITICAS DE IDENTIDAD,VISU@LS,1997,FACULTAD DE BELLAS ARTES DE CUENCA. UNIVERSIDAD DE CASTILLA-LA MANCHA. SANTA TERESA JORNET S/N 16071 - CUENCA (SPAIN),969179100; EXT: 96432 MOVIL: 629196842,969179101,ANA.MARTINEZ@UCLM.ES,http://visualcultureidentities.net,CUENCA,,0,0,9,1,1,https://www.uclm.es/Home/Misiones/Investigacion/OfertaCientificoTecnica/GruposInvestigacion/DetalleGrupo?idgrupo=216
218,"DERECHO, ECONOMIA Y GESTION DEL AGUA",DELAGUA,2000,"FACULTAD DE DERECHO. PLAZA DE LA UNIVERSIDAD, 1 02071 ALBACETE",EXT. 2148,967599216,FRANCISCO.DELGADO@UCLM.ES,,ALBACETE,Pertenece a Cytema,0,0,9,1,1,https://www.uclm.es/Home/Misiones/Investigacion/OfertaCientificoTecnica/GruposInvestigacion/DetalleGrupo?idgrupo=218
220,PORIDAD. GRUPO DE INVESTIGACIÓN EN HISTORIA MEDIEVAL,PGIHM - PORIDAD,1997,FACULTAD DE LETRAS DE CIUDAD REAL,926295300,926295312,ANGELA.MUNOZ@UCLM.ES,,CIUDAD REAL,,0,0,9,1,1,https://www.uclm.es/Home/Misiones/Investigacion/OfertaCientificoTecnica/GruposInvestigacion/DetalleGrupo?idgrupo=220
221,INVESTIGACION Y MODELIZACION EN MARKETING Y TURISMO,MRM,2010,"COBERTIZO DE SAN PEDRO MARTIR, S/N",925268800,902204130,ARTURO.MOLINA@UCLM.ES,,TOLEDO,,0,0,9,1,1,https://www.uclm.es/Home/Misiones/Investigacion/OfertaCientificoTecnica/GruposInvestigacion/DetalleGrupo?idgrupo=221
222,EFICIENCIA ENERGETICA Y SISTEMAS TERMICOS,ENERSYS,2009,"INSTITUTO DE INVESTIGACION EN ENERGIAS RENOVABLES, C/ DE LA INVESTIGACION, S/N, 02071, ALBACETE // ESCUELA DE INVENIEROS INDUSTRIALES DE ALBACETE, CAMPUS UNIVERSITARIO S/N, 02071 ALBACETE",967599200 EXT:2435,967599200,ANTONIO.MNAVARRO@UCLM.ES,https://www.uclm.es/centros-investigacion/ier,ALBACETE,Pertenece a Cytema,0,0,9,1,1,https://www.uclm.es/Home/Misiones/Investigacion/OfertaCientificoTecnica/GruposInvestigacion/DetalleGrupo?idgrupo=222
223,CALIDAD ALIMENTARIA,CALIMENTA,2009,"INSTITUTO DE DESARROLLO REGIONAL. SECCIÓN DE CALIDAD ALIMENTARIA, CAMPUS UNIVERSITARIO S/N, 02071 ALBACETE",+34 967599200 EXT: 2830,+34 967599233,ANA.MOLINA@UCLM.ES,http://www.idr-ab.uclm.es/idr2016/index.php/es/grupos-de-investigacion/calidad-alimentaria,ALBACETE,,0,0,9,1,1,https://www.uclm.es/Home/Misiones/Investigacion/OfertaCientificoTecnica/GruposInvestigacion/DetalleGrupo?idgrupo=223
224,BIOLOGIA Y PRODUCCION DE CERVIDOS,BYPC,1986,"INSTITUTO DE DESARROLLO REGIONAL. SECCION DE RECURSOS CINEGETICOS, CAMPUS UNIVERSITARIO S/N, 02071 ALBACETE",+34 967599200 EXT:2828,+34 967599233,TOMAS.LANDETE@UCLM.ES,,ALBACETE,,0,0,9,1,1,https://www.uclm.es/Home/Misiones/Investigacion/OfertaCientificoTecnica/GruposInvestigacion/DetalleGrupo?idgrupo=224
225,HIDROGEOLOGIA,HIDROBIOTEC,2009,INSTITUTO DE DESARROLLO REGIONAL. CAMPUS UNIVERSITARIO S/N. 02071 ALBACETE,967599200,967599349,JUANJOSE.GOMEZ@UCLM.ES,http://blog.uclm.es/grupohidrogeo/,ALBACETE,Pertenece a Cytema,0,0,9,1,1,https://www.uclm.es/Home/Misiones/Investigacion/OfertaCientificoTecnica/GruposInvestigacion/DetalleGrupo?idgrupo=225
226,TECNOLOGIAS APLICADAS AL DISEÑO,TAD,2009,"PLAZA DE MANUEL MECA, 1 ALMADEN (C.REAL)",926264007,926264401,FRANCISCO.MCABRERA@UCLM.ES,,ALMADÉN,,0,0,9,1,1,https://www.uclm.es/Home/Misiones/Investigacion/OfertaCientificoTecnica/GruposInvestigacion/DetalleGrupo?idgrupo=226
228,"GRUPO DE INVESTIGACIÓN DE INGENIERÍA, ECONOMÍA Y GESTIÓN - INGENIUM",INGENIUM RESEARCH GROUP,2010,ETSII DE CIUDAD REAL,926295300,926295361,FAUSTOPEDRO.GARCIA@UCLM.ES,http://www.ingeniumgroup.eu,CIUDAD REAL,Pertenece a Cytema,0,0,9,1,1,https://www.uclm.es/Home/Misiones/Investigacion/OfertaCientificoTecnica/GruposInvestigacion/DetalleGrupo?idgrupo=228
229,LENGUAJE DISCURSO INTERACCION Y CULTURA,LADIC,2010,FACULTAD DE LETRAS. DEPARTAMENTO DE FILOLOGIA MODERNA,926295300 (6667),926295312,ANAMARIA.RELANO@UCLM.ES,http://blog.uclm.es/apingloclm/,CIUDAD REAL,,0,0,9,1,1,https://www.uclm.es/Home/Misiones/Investigacion/OfertaCientificoTecnica/GruposInvestigacion/DetalleGrupo?idgrupo=229
230,COLECTIVO ALTERACCIÓN: GRUPO DE INVESTIGACIÓN EN TRABAJO SOCIAL Y ANTROPOLOGÍA,A ACCION,2008,"FACULTAD DE TRABAJO SOCIAL. EDIFICIO MELCHOR CANO, CAMINO DE POZUELO S/N DESPACHO 2.16. 16071 CUENCA (ESPAÑA)",0034969179100 EXT:4626,969179120,EMILIOJOSE.GOMEZ@UCLM.ES,,CUENCA,,0,0,9,1,1,https://www.uclm.es/Home/Misiones/Investigacion/OfertaCientificoTecnica/GruposInvestigacion/DetalleGrupo?idgrupo=230
231,GRUPO DE VISION Y SISTEMAS INTELIGENTES,VISILAB,2004,"E.T.S.I. INDUSTRIALES. AVDA. CAMILO JOSE CELA, 3 - 13071 CIUDAD REAL",926295300 EXT 3842,926295361,GLORIA.BUENO@UCLM.ES,http://visilab.etsii.uclm.es/,CIUDAD REAL,Pertenece a Cytema,0,0,9,1,1,https://www.uclm.es/Home/Misiones/Investigacion/OfertaCientificoTecnica/GruposInvestigacion/DetalleGrupo?idgrupo=231
232,PATRIMONIO MUSICAL DE CASTILLA-LA MANCHA,PMCLM,2009,"DEPARTAMENTO DE DIDACTICA DE LA EXPRESION MUSICAL, PLASTICA Y CORPORAL. PLAZA DE LA UNIVERSIDAD, S/N. 02071 ALBACETE",926295300 EXT 2514,926295312,PAULINO.CAPDEPON@UCLM.ES,http://beta.cidom.es/,CIUDAD REAL,,0,0,9,1,1,https://www.uclm.es/Home/Misiones/Investigacion/OfertaCientificoTecnica/GruposInvestigacion/DetalleGrupo?idgrupo=232
233,MECANICA DE LOS MEDIOS CONTINUOS E INGENIERIA DE ESTRUCTURAS Y MATERIALES,COMES,2009,"ESCUELA TECNICA SUPERIOR DE INGENIERÍA INDUSTRIAL DE CIUDAD REAL, INSTITUTO DE INVESTIGACIONES ENERGETICAS Y APLICACIONES INDUSTRIALES",926295455,926295361,JUANJOSE.LOPEZ@UCLM.ES,https://www.uclm.es/grupos/comes,CIUDAD REAL,,0,0,9,1,1,https://www.uclm.es/Home/Misiones/Investigacion/OfertaCientificoTecnica/GruposInvestigacion/DetalleGrupo?idgrupo=233
234,"GENUD TOLEDO - CRECIMIENTO, EJERCICIO, NUTRICION Y DESARROLLO",GENUD,2010,FACULTAD DE CIENCIAS DEL DEPORTE (TOLEDO) CAMPUS TECNOLOGICO. AVDA CARLOS III S/N. 45071 TOLEDO (ESPAÑA),925268800 (EXT 96808),925268846,LABAFYFUNCIONMUSCULAR.CCDEPORTE.TO@UCLM.ES,http://www.spanishexernet.com/genudtoledo.html,TOLEDO,,0,0,9,1,1,https://www.uclm.es/Home/Misiones/Investigacion/OfertaCientificoTecnica/GruposInvestigacion/DetalleGrupo?idgrupo=234
235,ECONOMIA AGROALIMENTARIA Y FORESTAL.BIOECONOMIA,BIOECO,1995,"E.T.S. INGENIEROS AGRONOMOS Y DE MONTES. CAMPUS UNIVERSITARIO, S/N 02071 - ALBACETE (ESPAÑA)",967599200 EXT. 2803,967599238,RODOLFO.BERNABEU@UCLM.ES,,ALBACETE,,0,0,9,1,1,https://www.uclm.es/Home/Misiones/Investigacion/OfertaCientificoTecnica/GruposInvestigacion/DetalleGrupo?idgrupo=235
236,QUIMICA ORGANICA FARMACEUTICA,QOF,2010,FACULTAD DE FARMACIA,967 599200 EXT 8233,N/A,JOAQUINC.GARCIA@UCLM.ES,https://pharmorgchem.wordpress.com/,ALBACETE,,0,0,9,1,1,https://www.uclm.es/Home/Misiones/Investigacion/OfertaCientificoTecnica/GruposInvestigacion/DetalleGrupo?idgrupo=236
237,"ENFERMERIA, DOLOR Y CUIDADOS",ENDOCU,2010,ESCUELA UNIVERSITARIA DE ENFERMERIA Y FISIOTERAPIA DE TOLEDO. CAMPUS FABRICA DE ARMAS. UCLM,925 268800 EXT 5809,925288811,MARIA.UGARTE@UCLM.ES,,TOLEDO,,0,0,9,1,1,https://www.uclm.es/Home/Misiones/Investigacion/OfertaCientificoTecnica/GruposInvestigacion/DetalleGrupo?idgrupo=237
239,ROBÓTICA BLANDA Y VISIÓN POR COMPUTADOR 3D,SORO&3DCV,1998,"E.S. INFORMÁTICA. PASEO DE LA UNIVERSIDAD, 4. 13071. CIUDAD REAL","926 295300 (Ext 3737, Ext 3749)",926295354,ANTONIO.ADAN@UCLM.ES,http://isa.esi.uclm.es,CIUDAD REAL,,0,0,9,1,1,https://www.uclm.es/Home/Misiones/Investigacion/OfertaCientificoTecnica/GruposInvestigacion/DetalleGrupo?idgrupo=239
240,"CALIDAD, SEGURIDAD E HIGIENE DE PRODUCTOS AGROALIMENTARIOS",CASEHI,1993,"ESCUELA TECNICA SUPERIOR DE INGENIEROS AGRONOMOS, CAMPUS UNIVERSITARIO, S/N, 02071 ALBACETE",967599200 EXT 2860,967599238,JOSE.PGONZALEZ@UCLM.ES,http://crea.uclm.es/industrias/sp/index.php,ALBACETE,Pertenece a Cytema,0,0,9,1,1,https://www.uclm.es/Home/Misiones/Investigacion/OfertaCientificoTecnica/GruposInvestigacion/DetalleGrupo?idgrupo=240
241,GRUPO DE PSICOLOGIA COGNITIVA APLICADA,PCA,2002,AVDA. ALMANSA Nº 14 (ALBACETE),967599200 EXT 2916,967599204,JOSE.LATORRE@UCLM.ES,,ALBACETE,,0,0,9,1,1,https://www.uclm.es/Home/Misiones/Investigacion/OfertaCientificoTecnica/GruposInvestigacion/DetalleGrupo?idgrupo=241
243,LABORATORIO DE ESTRUCTURA SINAPTICA,SYSLAB,2008,"C/ ALMANSA 14, 02006 ALBACETE",967599200 (EXT 2176),967599360,RAFAEL.LUJAN@UCLM.ES,http://idine.uclm.es/,ALBACETE,,0,0,9,1,1,https://www.uclm.es/Home/Misiones/Investigacion/OfertaCientificoTecnica/GruposInvestigacion/DetalleGrupo?idgrupo=243
244,MEDIDA DE LA EXPOSICIÓN A ONDAS DE RADIOFRECUENCIA,MORFEO,2010,"ESCUELA SUPERIOR DE INGENIERÍA INFORMÁTICA, AVDA ESPAÑA S/N, E-02071 ALBACETE",967599200,967599224,ENRIQUE.ARRIBAS@UCLM.ES,,ALBACETE,,0,0,9,1,1,https://www.uclm.es/Home/Misiones/Investigacion/OfertaCientificoTecnica/GruposInvestigacion/DetalleGrupo?idgrupo=244
245,GRUPO DE INVESTIGACION DE SEGURIDAD Y AUDITORIA DE SISTEMAS DE INFORMACION,GSYA,2010,"PASEO DE LA UNIVERSIDAD, 4. 13071 CIUDAD REAL",+34 926295300 EXT. 3744,+34 926295354,GRUPO.GSYA@UCLM.ES,http://gsya.esi.uclm.es/,CIUDAD REAL,,0,0,9,1,1,https://www.uclm.es/Home/Misiones/Investigacion/OfertaCientificoTecnica/GruposInvestigacion/DetalleGrupo?idgrupo=245
246,NEUROPLASTICIDAD Y NEURODEGENERACION,NPND,2010,"FAC. MEDICINA DE CIUDAD REAL, AVDA. MOLEDORES S/N, 13071 CIUDAD REAL",EXT 6690,902204130,ALINO.MARTINEZ@UCLM.ES,http://medicina.cr.uclm.es/webmedicina/grupo_de_ne,CIUDAD REAL,,0,0,9,1,1,https://www.uclm.es/Home/Misiones/Investigacion/OfertaCientificoTecnica/GruposInvestigacion/DetalleGrupo?idgrupo=246
247,ESTRÉS OXIDATIVO Y NEURODEGENERACIÓN,EON,2010,"DEPARTAMENTO DE CIENCIAS MÉDICAS, FACULTAD DE MEDICINA, CAMPUS DE CIUDAD REAL",926 295300 6836,926 295300 6836,MARIO.DURAN@UCLM.ES,https://blog.uclm.es/geon/,CIUDAD REAL,Pertenece a Cytema,0,0,9,1,1,https://www.uclm.es/Home/Misiones/Investigacion/OfertaCientificoTecnica/GruposInvestigacion/DetalleGrupo?idgrupo=247
248,FILOSOFIA: MODERNIDAD Y POSTMODERNIDAD,F-MYP,1990,FACULTAD DE HUMANIDADES. PLAZA DE PADILLA 4. 45071 TOLEDO,925 26 88 61-EXT. 5310,Email de contacto:,ANGEL.FAERNA@UCLM.ES,,TOLEDO,,0,0,9,1,1,https://www.uclm.es/Home/Misiones/Investigacion/OfertaCientificoTecnica/GruposInvestigacion/DetalleGrupo?idgrupo=248
251,GRUPO DE CAPITAL INTELECTUAL,ICRG,2010,"C/ RONDA DE TOLEDO S/N 13.071 CIUDAD REAL; PZA UNIVERSIDAD, 1 02071, ALBACETE",902204100,902204130,DOMINGO.NEVADO@UCLM.ES,http://victorraullopez.blogspot.com.es/,ALBACETE,Pertenece a Cytema,0,0,9,1,1,https://www.uclm.es/Home/Misiones/Investigacion/OfertaCientificoTecnica/GruposInvestigacion/DetalleGrupo?idgrupo=251
255,"BUILDING INFORMATION MODELING EN URBANISMO, EDIFICACION Y SOSTENIBILIDAD",BIM_URBEDSO,2010,EDIFICIO DE LA ESCUELA POLITECNICA. CAMPUS DE CUENCA,969179100 EXT. 4824,969179119,JESUS.ALFARO@UCLM.ES,,CUENCA,,0,0,9,1,1,https://www.uclm.es/Home/Misiones/Investigacion/OfertaCientificoTecnica/GruposInvestigacion/DetalleGrupo?idgrupo=255
256,COLABORATORIO LPCI. LABORATORIO DE PROYECTOS COLABORATIVOS INTERDISCIPLINARES,COLABORATORIO LPCI,2011,D. GABRIEL PEREZZAN FACULTAD DE BELLAS ARTES C/ SANTA TERESA JORNET S/N 16071 CUENCA. DESPACHO 209,969179100 Ext: 14507 / 4510,969 179 102,GABRIEL.PEREZZAN@UCLM.ES,,CUENCA,,0,0,9,1,1,https://www.uclm.es/Home/Misiones/Investigacion/OfertaCientificoTecnica/GruposInvestigacion/DetalleGrupo?idgrupo=256
257,REESCRIBIENDO MASCULINIDADES EN LA CULTURA CONTEMPORANEA,REMASC,2011,"DEPARTAMENTO DE FILOLOGÍA MODERNA, FACULTAD DE LETRAS, UCLM, AVDA. CAMILO JOSÉ CELA S/N 13071 CIUDAD REAL",926295300 Ext. 3111,926295300,JOSEMARIA.ARMENGOL@UCLM.ES,,CIUDAD REAL,,0,0,9,1,1,https://www.uclm.es/Home/Misiones/Investigacion/OfertaCientificoTecnica/GruposInvestigacion/DetalleGrupo?idgrupo=257
259,LA ENSEÑANZA DE LA PINTURA: ANÁLISIS DE SUS MÉTODOS Y PROPUESTAS ALTERNATIVAS.,EPAMPA,2011,"C/ CAPILLA, 4; 16452 TRIBALDOS; CUENCA",969135211; 607254847; 679080026,969135211,JAVIER.DIEZDEBALDEON@UCLM.ES,,CUENCA,,0,0,9,1,1,https://www.uclm.es/Home/Misiones/Investigacion/OfertaCientificoTecnica/GruposInvestigacion/DetalleGrupo?idgrupo=259
260,GRUPO DE INVESTIGACIÓN EN BIORRETROALIMENTACIÓN (BIOFEEDBACK) Y PSICOLOGIA DE LA SALUD,BIORRETROALIMENTACIÓN,2000,"LUIS GARRA PALUD, AVDA REAL FABRICA DE SEDA S/N 45600 TALAVERA (TOLEDO)",ext 5684,925721011,LUIS.GARRA@UCLM.ES,,TALAVERA,,0,0,9,1,1,https://www.uclm.es/Home/Misiones/Investigacion/OfertaCientificoTecnica/GruposInvestigacion/DetalleGrupo?idgrupo=260
262,QUÍMICA DE LOS PROCESOS ATMOSFÉRICOS: EXPERIMENTACIÓN EN LABORATORIO Y MEDIDAS DE CAMPO,QUIPROAT,2011,"FACULTAD DE CIENCIAS Y TECNOLOGÍAS QUÍMICAS, AVDA. CAMILO JOSE CELA, EDIFICIO MARIE CURIE, 13071 CIUDAD REAL",926295300,926295318,ALFONSO.ARANDA@UCLM.ES,http://www.uclm.es/investigacion/,CIUDAD REAL,Pertenece a Cytema,0,0,9,1,1,https://www.uclm.es/Home/Misiones/Investigacion/OfertaCientificoTecnica/GruposInvestigacion/DetalleGrupo?idgrupo=262
263,GRUPO DE INVESTIGACION EN DERECHO ROMANO,GIDR,2011,"COBERTIZO DE S. PEDRO MARTIR, S/N. 45071 TOLEDO. ESPAÑA",(+34) 925 26 88 00 ext. 5106,(+34) 925 26 88 01,ALICIA.VALMANA@UCLM.ES,,TOLEDO,,0,0,9,1,1,https://www.uclm.es/Home/Misiones/Investigacion/OfertaCientificoTecnica/GruposInvestigacion/DetalleGrupo?idgrupo=263
264,"ECONOMIC, TOURISM AND ENVIRONMENTAL ANALYSIS AND RESEARCH",ETEAR,2011,"FACULTAD CIENCIAS SOCIALES CUENCA. AVENIDAD DE LOS ALFARES, 44. 16071 - CUENCA.",902 204100 ext 4246,902204130,JOSE.MONDEJAR@UCLM.ES,,CUENCA,Pertenece a Cytema,0,0,9,1,1,https://www.uclm.es/Home/Misiones/Investigacion/OfertaCientificoTecnica/GruposInvestigacion/DetalleGrupo?idgrupo=264
265,"QUIMICA ATMOSFÉRICA, CALIDAD DEL AIRE Y FOTOQUÍMICA",FOTOAIR,2000,"FACULTAD DE CIENCIAS Y TECNOLOGÍAS QUÍMICAS. EDIFICIO MARIE CURIE. AVDA. CAMILO JOSÉ CELA, S/N 13071 CIUDAD REAL","(+34) 926 29 53 00 (EXTS. 3425, 6239)",926295318,ELENA.JIMENEZ@UCLM.ES,,CIUDAD REAL,Pertenece a Cytema,0,0,9,1,1,https://www.uclm.es/Home/Misiones/Investigacion/OfertaCientificoTecnica/GruposInvestigacion/DetalleGrupo?idgrupo=265
267,LABORATORIO DE NEUROFISIOLOGÍA Y COMPORTAMIENTO,NEUROFIS-CR,2011,FACULTAD DE MEDICINA DE CIUDAD REAL,926295300 ext 6838,926295300,JUAN.NAVARRO@UCLM.ES,https://laboratorioneurofisiologia.com/,CIUDAD REAL,,0,0,9,1,1,https://www.uclm.es/Home/Misiones/Investigacion/OfertaCientificoTecnica/GruposInvestigacion/DetalleGrupo?idgrupo=267
268,GRUPO DE INVESTIGACIÓN EN EDUCACIÓN Y SALUD,EDSA,2011,CAMPUS FABRICA DE ARMAS,925268800 (5927),925222454,CARMEN.CARPIO@UCLM.ES,https://www.uclm.es/home/misiones/investigacion/ofertacientificotecnica/gruposinvestigacion/detallegrupo?idgrupo=268,TOLEDO,,0,0,9,1,1,https://www.uclm.es/Home/Misiones/Investigacion/OfertaCientificoTecnica/GruposInvestigacion/DetalleGrupo?idgrupo=268
269,LITERATURA COMPARADA,LITERADA,2011,"UCLM, DEPARTAMENTO DE FILOLOGÍA MODERNA, FACULTAD DE LETRAS, AVDA. C. J. CELA, S/N, 13071 CIUDAD REAL, ESPAÑA",+34926295300 (ext. 3117),+34926295312,CHRISTIAN.HAGEDORN@UCLM.ES,,,,0,0,9,1,1,https://www.uclm.es/Home/Misiones/Investigacion/OfertaCientificoTecnica/GruposInvestigacion/DetalleGrupo?idgrupo=269
271,"GRUPO DE INVESTIGACIÓN EN INNOVACIÓN, COMPETITIVIDAD Y REDES",INCORE,2011,"EDIFICIO JURÍDICO-EMPRESARIAL, PLAZA DE LA UNIVERSIDAD, 1; 02071; ALBACETE",902 204 100 (ext. 2388),902 204 130,PEDRO.GVILLAVERDE@UCLM.ES,http://www.grupoincore.uclm.es/,ALBACETE,Pertenece a Cytema,0,0,9,1,1,https://www.uclm.es/Home/Misiones/Investigacion/OfertaCientificoTecnica/GruposInvestigacion/DetalleGrupo?idgrupo=271
272,POWER AND ENERGY ANALYSIS AND RESEARCH LABORATORY,PEARL,2011,"E.T.S. INGENIEROS INDUSTRIALES, CAMPUS UNIVERSITARIO S/N, 13071 CIUDAD REAL",+34 926295496,+34 926295361,JOSEMANUEL.ARROYO@UCLM.ES,http://pearl.uclm.es,CIUDAD REAL,,0,0,9,1,1,https://www.uclm.es/Home/Misiones/Investigacion/OfertaCientificoTecnica/GruposInvestigacion/DetalleGrupo?idgrupo=272
273,LABINTIC. LABORATORIO DE INTEGRACIÓN DE LA TECNOLOGÍA EN LAS AULAS,LABINTIC,2012,"FACULTAD DE EDUCACIÓN DE ALBACETE. PLAZA DE LA UNIVERSIDAD, Nº 3, 02071. ALBACETE",967599200 ext. 2536,967599229,RAMON.COZAR@UCLM.ES,http://labintic.uclm.es,ALBACETE,,0,0,9,1,1,https://www.uclm.es/Home/Misiones/Investigacion/OfertaCientificoTecnica/GruposInvestigacion/DetalleGrupo?idgrupo=273
274,GRUPO DE INVESTIGACIÓN EN ECONOMÍA ENERGÉTICA Y MEDIOAMBIENTAL,GEAR,2012,"FACULTAD DE CIENCIAS ECONÓMICAS Y EMPRESARIALES ALBACETE, PLAZA DE LA UNIVERSIDAD 2, 02071 ALBACETE",967599200 Ext. 2359,967599216,LUIS.LSANTIAGO@UCLM.ES,http://blog.uclm.es/grupogear/,ALBACETE,Pertenece a Cytema,0,0,9,1,1,https://www.uclm.es/Home/Misiones/Investigacion/OfertaCientificoTecnica/GruposInvestigacion/DetalleGrupo?idgrupo=274
275,GRUPO DE ETNOGRAFÍA Y ESTUDIOS SOCIALES APLICADOS,GEESA,2006,"FACULTAD DE CIENCIAS DE LA EDUCACIÓN Y HUMANIDADES, AVDA. DE LOS ALFARES 44, 16071, CUENCA.","969179100, ext. 4321",969179131,LUISA.ABAD@UCLM.ES,,CUENCA,,0,0,9,1,1,https://www.uclm.es/Home/Misiones/Investigacion/OfertaCientificoTecnica/GruposInvestigacion/DetalleGrupo?idgrupo=275
276,INGENIERÍA DE SISTEMAS INTERACTIVOS (ISE),ISE,2011,"INSTITUTO DE INVESTIGACIÓN EN INFORMÁTICA DE ALBACETE. CAMPUS UNIVERSITARIO, S/N",967 59 92 00. Ext. 2428,967 59 92 24,MARIA.LOZANO@UCLM.ES,https://blog.uclm.es/grupoise/,ALBACETE,Pertenece a Cytema,0,0,9,1,1,https://www.uclm.es/Home/Misiones/Investigacion/OfertaCientificoTecnica/GruposInvestigacion/DetalleGrupo?idgrupo=276
279,SUELOS VITICOLAS,TERROIR,2013,"ESCUELA DE INGENIEROS AGRONOMOS DE CIUDAD REAL ( RONDA DE CALATRAVA Nº 7, 13071 CIUDAD REAL)",+34 926295300,+34 926295351,FCOJESUS.GARCIA@UCLM.ES,,CIUDAD REAL,,0,0,9,1,1,https://www.uclm.es/Home/Misiones/Investigacion/OfertaCientificoTecnica/GruposInvestigacion/DetalleGrupo?idgrupo=279
282,INNOVACIÓN TECNOLÓGICA APLICADA A LA SALUD,GRUPO ITAS,2012,FACULTAD DE CIENCIAS DE LA SALUD | AVDA. REAL FÁBRICA DE SEDAS S/N | 45600 - TALAVERA DE LA REINA,+34926051420,Email de contacto:,BEGONA.POLONIO@UCLM.ES,,TALAVERA,,0,0,9,1,1,https://www.uclm.es/Home/Misiones/Investigacion/OfertaCientificoTecnica/GruposInvestigacion/DetalleGrupo?idgrupo=282
283,FEMTOCIENCIA Y MICROSCOPIA,FEMTOLEDO,1996,"FACULTAD DE CIENCIAS AMBIENTALES Y BIOQUIMICA Y INAMOL, CAMPUS TECNOLOGICO DE TOLEDO",925265717,925268840,ABDERRAZZAK.DOUHAL@UCLM.ES,https://www.uclm.es/grupos/fmg,TOLEDO,,0,0,9,1,1,https://www.uclm.es/Home/Misiones/Investigacion/OfertaCientificoTecnica/GruposInvestigacion/DetalleGrupo?idgrupo=283
286,SANIDAD Y BIOTECNOLOGIA,SABIO,2013,RONDA DE TOLEDO S/N,926295450,926295451,JOSEFRANCISCO.RUIZ@UCLM.ES,https://www.irec.es/investigacion/grupos-de-investigacion/sanidad-y-biotecnologia-sabio/,CIUDAD REAL,,0,0,9,1,1,https://www.uclm.es/Home/Misiones/Investigacion/OfertaCientificoTecnica/GruposInvestigacion/DetalleGrupo?idgrupo=286
288,"SALUD, HISTORIA Y SOCIEDAD",SALHISOC,2011,FACULTAD DE MEDICINA DE CIUDAD REAL. CAMINO DE MOLEDORES S/N.13071 CIUDAD REAL,926295300 (ext. 6691),926295300,MARIAISABEL.PORRAS@UCLM.ES,,CIUDAD REAL,Pertenece a Cytema,0,0,9,1,1,https://www.uclm.es/Home/Misiones/Investigacion/OfertaCientificoTecnica/GruposInvestigacion/DetalleGrupo?idgrupo=288
290,MSOC NANOQUÍMICA,MSOC NANO,2013,FACULTAD DE CIENCIAS Y TECNOLOGÍAS QUÍMICAS- IRICA,926295300 ext 3513,926295300,ESTER.VAZQUEZ@UCLM.ES,http://www.msocnanochemistrygroup.com/,CIUDAD REAL,Pertenece a Cytema,0,0,9,1,1,https://www.uclm.es/Home/Misiones/Investigacion/OfertaCientificoTecnica/GruposInvestigacion/DetalleGrupo?idgrupo=290
291,GRUPO DE INVESTIGACIÓN EN COMUNICACIÓN Y EDUCACIÓN INTERACTIVA E INMERSIVA,CIBERIMAGINARIO-UCLM,2013,"FACULTAD DE EDUCACIÓN DE TOLEDO. AVDA. CARLOS III, 21 (CAMPO TECNOLÓGICO DE CAMPUS DE TOLEDO) DESPACHO 1.35 (EDIFICIO SABATINI) 45071 TOLEDO",925268800. Ext. 5906,925268800,FELIPE.GERTRUDIX@UCLM.ES,https://ciberimaginario.es/es/inicio/,TOLEDO,,0,0,9,1,1,https://www.uclm.es/Home/Misiones/Investigacion/OfertaCientificoTecnica/GruposInvestigacion/DetalleGrupo?idgrupo=291
292,DE RE HISPANICA (SOBRE LO HISPÁNICO),DEREHIS,2013,"FACULTAD DE HUMANIDADES Y PATRIMONIO. PLAZA DE PADILLA, 4. 45071 TOLEDO",925268800 ext. 3156,-,FCOJOSE.ARANDA@UCLM.ES,http://www.derehis.com,TOLEDO,,0,0,9,1,1,https://www.uclm.es/Home/Misiones/Investigacion/OfertaCientificoTecnica/GruposInvestigacion/DetalleGrupo?idgrupo=292
293,GRUPO DE INVESTIGACIÓN EN TÉCNICAS ESTADÍSTICAS Y DE CLASIFICACIÓN APLICADAS,GITECA,2005,"FACULTAD DE CIENCIAS ECONÓMICAS Y EMPRESARIALES. PLAZA DE LA UNIVERSIDAD, 1. 02071. ALBACETE.",+34 902204100 ext 2331,+34 902204130,BEATRIZ.LARRAZ@UCLM.ES,https://blog.uclm.es/beatrizlarraz/,TOLEDO,,0,0,9,1,1,https://www.uclm.es/Home/Misiones/Investigacion/OfertaCientificoTecnica/GruposInvestigacion/DetalleGrupo?idgrupo=293
294,INTERPRETES MEDICINAE,INTERMED,2002,"FACULTAD DE HUMANIDADES DE ALBACETE, EDIFICIO BENJAMÍN PALENCIA, CAMPUS UNIVERSITARIO S/N, E-02071 ALBACETE",967 599200,967 599246,TERESA.SANTAMARIA@UCLM.ES,,ALBACETE,,0,0,9,1,1,https://www.uclm.es/Home/Misiones/Investigacion/OfertaCientificoTecnica/GruposInvestigacion/DetalleGrupo?idgrupo=294
299,SMILE,SMILE,2005,PASEO DE LA UNIVERSIDAD 4,96605,926295354,JOSEANGEL.OLIVAS@UCLM.ES,http://smile.esi.uclm.es/,CIUDAD REAL,,0,0,9,1,1,https://www.uclm.es/Home/Misiones/Investigacion/OfertaCientificoTecnica/GruposInvestigacion/DetalleGrupo?idgrupo=299
300,ARTIFICIAL INTELLIGENCE AND REPRESENTATION,AIR,2014,"PASEO DE LA UNIVERSIDAD, 4",926052112,926295354,DAVID.VALLEJO@UCLM.ES,http://air.esi.uclm.es,CIUDAD REAL,,0,0,9,1,1,https://www.uclm.es/Home/Misiones/Investigacion/OfertaCientificoTecnica/GruposInvestigacion/DetalleGrupo?idgrupo=300
302,GRUPO DE INVESTIGACIÓN EN FISIOTERAPIA TOLEDO,GIFTO,2014,CAMPUS TECNOLÓGICO ANTIGUA FÁBRICA DE ARMAS. AVDA CARLOS III S/N. 45071. TOLEDO,92526880,925 26 88 11,JULIO.SORIANO@UCLM.ES,,TOLEDO,,0,0,9,1,1,https://www.uclm.es/Home/Misiones/Investigacion/OfertaCientificoTecnica/GruposInvestigacion/DetalleGrupo?idgrupo=302
303,INGENIERÍA GRÁFICA Y PATRIMONIO INDUSTRIAL,IGYPI,2014,"ESCUELA DE INGENIERÍA MINERA E INDUSTRIAL DE ALMADÉN PLAZA MANUEL MECA, 1-CP: 13400",+34 926 295 300 Ext: 6044,+34 926 264 401,JOSE.TEJERO@UCLM.ES,,ALMADÉN,,0,0,9,1,1,https://www.uclm.es/Home/Misiones/Investigacion/OfertaCientificoTecnica/GruposInvestigacion/DetalleGrupo?idgrupo=303
304,METABOLISMO Y PATOLOGÍA MOLECULAR,MMP,2014,FACULTAD DE CIENCIAS AMBIENTALES Y BIOQUÍMICA,925268800 ext 5492,925268840,ISABEL.MARGUDO@UCLM.ES,,TOLEDO,,0,0,9,1,1,https://www.uclm.es/Home/Misiones/Investigacion/OfertaCientificoTecnica/GruposInvestigacion/DetalleGrupo?idgrupo=304
305,OBSERVATORIO DE LA INNOVACIÓN EN DISTRIBUCIÓN COMERCIAL,IOCD,2013,"FACULTAD DE CIENCIAS ECONÓMICAS Y EMPRESARIALES DE ALBACETE. PLAZA DE LA UNIVERSIDAD, 1. 02071 ALBACETE",902204100,902204130,MARIAPILAR.MARTINEZ@UCLM.ES,,ALBACETE,Pertenece a Cytema,0,0,9,1,1,https://www.uclm.es/Home/Misiones/Investigacion/OfertaCientificoTecnica/GruposInvestigacion/DetalleGrupo?idgrupo=305
306,LA ADQUISICIÓN DE COMPETENCIAS EN LA FORMACIÓN DOCENTE PARA MEJORAR LA CALIDAD DE LA EDUCACIÓN,EDUCALIDAD,2014,FACULTAD DE EDUCACIÓN DE ALBACETE,667745409,Email de contacto:,RAMON.GARCIAPERALES@UCLM.ES,http://www.educalidad-uclm.com,ALBACETE,,0,0,9,1,1,https://www.uclm.es/Home/Misiones/Investigacion/OfertaCientificoTecnica/GruposInvestigacion/DetalleGrupo?idgrupo=306
307,PROMOCIÓN DE LA SALUD Y CALIDAD DE VIDA,PROSYCAV,2014,UNIVERSIDAD DE CASTILLA LA MANCHA,+34969179100,+ 34 96179121,MARGARITA.GARRIDO@UCLM.ES,,,,0,0,9,1,1,https://www.uclm.es/Home/Misiones/Investigacion/OfertaCientificoTecnica/GruposInvestigacion/DetalleGrupo?idgrupo=307
309,GRUPO DE INVESTIGACIÓN EN PROCESOS ENERGÉTICOS Y MEDIOAMBIENTALES,GPEM,2014,ESCUELA DE INGENIERÍA INDUSTRIAL DE TOLEDO,925 268 800 ext 3825,925 268 849,OCTAVIO.ARMAS@UCLM.ES,http://www.grupogpem.com,TOLEDO,Pertenece a Cytema,0,0,9,1,1,https://www.uclm.es/Home/Misiones/Investigacion/OfertaCientificoTecnica/GruposInvestigacion/DetalleGrupo?idgrupo=309
310,"ACTIVIDAD ECONÓMICA, ACTIVIDAD EMPRENDEDORA Y POLÍTICA ECONÓMICA",AE2+PE,2000,"PLAZA DE LA UNIVERSIDAD, 1",967 599220 EXT 2350,967 599220,INMACULADA.CARRASCO@UCLM.ES,,ALBACETE,,0,0,9,1,1,https://www.uclm.es/Home/Misiones/Investigacion/OfertaCientificoTecnica/GruposInvestigacion/DetalleGrupo?idgrupo=310
311,GESTIÓN TÉCNICA Y ECONÓMICA DE SISTEMAS DE ENERGÍA ELÉCTRICA (TEMPOS),TEMPOS,2015,"PLAZA MANUEL MECA, 1",926264007,Email de contacto:,RAFAEL.ZARATE@UCLM.ES,https://www.uclm.es/grupos/tempos/,TOLEDO,,0,0,9,1,1,https://www.uclm.es/Home/Misiones/Investigacion/OfertaCientificoTecnica/GruposInvestigacion/DetalleGrupo?idgrupo=311
312,MODELIZACIÓN Y ANÁLISIS ENERGÉTICO Y ESTRUCTURAL EN EDIFICACIÓN Y OBRA CIVIL,MA+EE,2014,ESCUELA POLITÉCNICA. CAMINO DEL POZUELO S/N CUENCA 16071,34 969179100 Ext:4874,34 969179100,FCOJAVIER.CASTILLA@UCLM.ES,https://previa.uclm.es/varios/catalogoinves/grupos,ALBACETE,Pertenece a Cytema,0,0,9,1,1,https://www.uclm.es/Home/Misiones/Investigacion/OfertaCientificoTecnica/GruposInvestigacion/DetalleGrupo?idgrupo=312
313,LENGUAS Y CULTURAS EN LA FRANCOFONIA,LCF,2014,"FACULTAD DE LETRAS-DEPARTAMENTO DE FILOLOGIA MODERNA - CALLE CAMILO JOSÉ CELA, S/N",926 29 53 00 EXT 3121,926 29 53 12,CLAUDE.DUEE@UCLM.ES,http://blog.uclm.es/lcf/,CIUDAD REAL,,0,0,9,1,1,https://www.uclm.es/Home/Misiones/Investigacion/OfertaCientificoTecnica/GruposInvestigacion/DetalleGrupo?idgrupo=313
314,"ECONOMÍA, ALIMENTACIÓN Y SOCIEDAD",EF&S,2014,CENTRO DE ESTUDIOS SOCIOSANITARIOS/ FACULTAD DE CIENCIAS ECONÓMICAS Y EMPRESARIALE ALBACETE,967599200 ext. 8272,969179178,FRANCISCO.ESOTOS@UCLM.ES,,ALBACETE,,0,0,9,1,1,https://www.uclm.es/Home/Misiones/Investigacion/OfertaCientificoTecnica/GruposInvestigacion/DetalleGrupo?idgrupo=314
315,"ELECTRÓNICA APLICADA, PROCESADO DE DATOS, IOT Y COMUNICACIONES AVANZADAS",EPIC,2015,ETSII AVDA ESPAÑA (CAMPUS UNIVERSITARIO),+34926052884,Email de contacto:,ALEJANDRO.LUCAS@UCLM.ES,https://www.uclm.es/grupos/epic,ALBACETE,,0,0,9,1,1,https://www.uclm.es/Home/Misiones/Investigacion/OfertaCientificoTecnica/GruposInvestigacion/DetalleGrupo?idgrupo=315
317,"ALIMENTACIÓN, CULTURA Y SALUD PÚBLICA",ALCUSP,2015,FACULTAD DE ENFERMERIA DE ALBACETE. EDIFICIO BENJAMÍN PALENCIA. CAMPUS UNIVERSITARIO S/N 02071 ALBACETE (SPAIN),+34 967 599200 2721,+34 967 599267,MARIAJOSEFA.GARCIA@UCLM.ES,,,,0,0,9,1,1,https://www.uclm.es/Home/Misiones/Investigacion/OfertaCientificoTecnica/GruposInvestigacion/DetalleGrupo?idgrupo=317
318,"GRUPO DE INVESTIGACIÓN EN INGENIERÍA ELECTRÓNICA, BIOMÉDICA Y DE TELECOMUNICACIÓN",ELBIT,2014,"INSTITUTO DE TECNOLOGÍAS AUDIOVISUALES, CAMPUS UNIVERSITARIO S/N, 16071 CUENCA.",926054053,Email de contacto:,RAUL.ALCARAZ@UCLM.ES,http://itav.uclm.es/elbit,CUENCA,,0,0,9,1,1,https://www.uclm.es/Home/Misiones/Investigacion/OfertaCientificoTecnica/GruposInvestigacion/DetalleGrupo?idgrupo=318
319,"COMUNICACIÓN PÚBLICA: PODER, DERECHO Y MENSAJE",COMPUBLIC,2014,"CENTRO DE ESTUDIOS EUROPEOS, C/ CARDENAL LORENZANA, 1, 45071 TOLEDO",925268800 - ext. 5017 y 5018,925 251 586,SUSANA.SIERRA@UCLM.ES,,TOLEDO,,0,0,9,1,1,https://www.uclm.es/Home/Misiones/Investigacion/OfertaCientificoTecnica/GruposInvestigacion/DetalleGrupo?idgrupo=319
321,CONSTITUCION E INTEGRACIONES ECONOMICAS,DEMOS,2014,"PLAZA DE LA UNIVERSIDAD, 1, 02071 (ALBACETE)",967 599200 ext. 2157,967 599216,JOSELUIS.GGUERRERO@UCLM.ES,,ALBACETE,,0,0,9,1,1,https://www.uclm.es/Home/Misiones/Investigacion/OfertaCientificoTecnica/GruposInvestigacion/DetalleGrupo?idgrupo=321
322,MEDICINA MOLECULAR,MOLMED,2014,CENTRO REGIONAL DE INVESTIGACIONES BIOMÉDICAS,967 599 200,967 599 360,MROSARIO.SABARIEGOS@UCLM.ES,,ALBACETE,Pertenece a Cytema,0,0,9,1,1,https://www.uclm.es/Home/Misiones/Investigacion/OfertaCientificoTecnica/GruposInvestigacion/DetalleGrupo?idgrupo=322
323,QUIMICA ORGANICA SOSTENIBLE. QUIMICA DE ALIMENTOS Y RESIDUOS AGROALIMENTARIOS,MSOC FOOD & FOOD WASTE CHEMISTRY,2014,FACULTAD DE CIENCIAS Y TECNOLOGIAS QUIMICAS. AV. CAMILO JOSE CELA 10. CIUDAD REAL,926295300 EXT 3464,926295318,ANDRES.MORENO@UCLM.ES,,CIUDAD REAL,,0,0,9,1,1,https://www.uclm.es/Home/Misiones/Investigacion/OfertaCientificoTecnica/GruposInvestigacion/DetalleGrupo?idgrupo=323
327,FUZZY GAB .4,FUZZY GAB .4,2015,SANTA TERESA JORNET S/N,(+34) 969 179 100,(+34) 969 179 102,SY.MOLINA@UCLM.ES,http://fuzzygab.uclm.es,CUENCA,,0,0,9,1,1,https://www.uclm.es/Home/Misiones/Investigacion/OfertaCientificoTecnica/GruposInvestigacion/DetalleGrupo?idgrupo=327
330,GRUPO DE INVESTIGACIÓN SOBRE AGUA Y SALUD,GIAS,2015,CAMPUS FABRICA DE ARMAS. TOLEDO. ESPAÑA,925 268800 ext 5837,925 268811,INES.MARTINEZ@UCLM.ES,,TOLEDO,,0,0,9,1,1,https://www.uclm.es/Home/Misiones/Investigacion/OfertaCientificoTecnica/GruposInvestigacion/DetalleGrupo?idgrupo=330
331,GRUPO VITORIA DE INVESTIGACIÓN ECONÓMICA Y SOCIAL,GVIES,2015,"FACULTAD DE CIENCIAS JURÍDICAS Y SOCIALES; COBERTIZO DE SAN PEDRO MARTIR, S/N; TOLEDO (SPAIN)",925265764,925268801,JOSEMARIA.CANTOS@UCLM.ES,https://www.uclm.es/grupos/gvies,TOLEDO,,0,0,9,1,1,https://www.uclm.es/Home/Misiones/Investigacion/OfertaCientificoTecnica/GruposInvestigacion/DetalleGrupo?idgrupo=331
332,ECONOMÍA APLICADA Y MÉTODOS CUANTITATIVOS,ECOAPP&MC,2010,FACULTAD DE CIENCIAS JURÍDICAS Y SOCIALES DE TOLEDO,925268800,925268801,JOSE.MLORENZO@UCLM.ES,http://www.uclm.es/profesorado/josemlorenzo/,CUENCA,,0,0,9,1,1,https://www.uclm.es/Home/Misiones/Investigacion/OfertaCientificoTecnica/GruposInvestigacion/DetalleGrupo?idgrupo=332
335,CIENCIAS DE LA TIERRA Y DEL ESPACIO,CITE,2015,"ICAM, AVDA. CARLOS III S/N",5762,5762,FRANCISCO.TAPIADOR@UCLM.ES,https://www.uclm.es/grupos/earthphysics,TOLEDO,Pertenece a Cytema,0,0,9,1,1,https://www.uclm.es/Home/Misiones/Investigacion/OfertaCientificoTecnica/GruposInvestigacion/DetalleGrupo?idgrupo=335
336,CODORNIZ,COQUCA,1994,ESCUELA DE INGENIEROS AGRÓNOMOS DE CIUDAD REAL,926295478,926295351,JOSERAMON.CABALLERO@UCLM.ES,http://www.uclm.es/profesorado/produccionanimal,CIUDAD REAL,,0,0,9,1,1,https://www.uclm.es/Home/Misiones/Investigacion/OfertaCientificoTecnica/GruposInvestigacion/DetalleGrupo?idgrupo=336
337,MERCADOS FINANCIEROS,MF,2015,FACULTAD DE ECONOMICAS Y EMPRESARIALES DE ALBACETE,967599200,967599220,ANTONIO.DIAZ@UCLM.ES,,ALBACETE,,0,0,9,1,1,https://www.uclm.es/Home/Misiones/Investigacion/OfertaCientificoTecnica/GruposInvestigacion/DetalleGrupo?idgrupo=337
342,FORMAS DE VIDA Y TOMA DE DECISIONES,FORMVITAL,2014,"FACULTAD DE CIENCIAS JURÍDICAS Y SOCIALES, 45071 TOLEDO",0034925268800,0034925268832,JESUS.PADILLA@UCLM.ES,http://blog.uclm.es/jesuspadilla/,TOLEDO,,0,0,9,1,1,https://www.uclm.es/Home/Misiones/Investigacion/OfertaCientificoTecnica/GruposInvestigacion/DetalleGrupo?idgrupo=342
343,HISTORIA Y FUNDAMENTACIÓN DE LOS DERECHOS HUMANOS. LA LIBERTAD RELIGIOSA,INFUNDE,2015,"FACULTAD DE DERECHO. UNIVERSIDAD DE CASTILLA-LA MANCHA. PLAZA DE LA UNIVERSIDAD, 1; 02071 ALBACETE",967599200 ext. 2131,967599216,JOSEMARIA.MARTI@UCLM.ES,,ALBACETE,,0,0,9,1,1,https://www.uclm.es/Home/Misiones/Investigacion/OfertaCientificoTecnica/GruposInvestigacion/DetalleGrupo?idgrupo=343
345,FUENTES DOCUMENTALES E ICONOGRÁFICAS PARA EL ESTUDIO DE LA OBRA DE ARTE.,FONS ARTIS,2015,"AVDA,.,CAMILO JOSÉ CELA, S/N, , 13.071, CIUDAD REAL",926295300 Ext. 6871,926295312,MARIAJOSEFA.CUESTA@UCLM.ES,,CIUDAD REAL,,0,0,9,1,1,https://www.uclm.es/Home/Misiones/Investigacion/OfertaCientificoTecnica/GruposInvestigacion/DetalleGrupo?idgrupo=345
346,"GRUPO DE INVESTIGACIÓN EN ORIENTACIÓN, CALIDAD Y EQUIDAD EDUCATIVAS",GRIOCE,2014,FACULTAD DE CIENCIAS DE LA EDUCACIÓN Y HUMANIDADES. CAMPUS DE CUENCA,969 179 100,Email de contacto:,JOSE.SSANTAMARIA@UCLM.ES,http://www.grioce.com,CUENCA,,0,0,9,1,1,https://www.uclm.es/Home/Misiones/Investigacion/OfertaCientificoTecnica/GruposInvestigacion/DetalleGrupo?idgrupo=346
347,"SALUD, EDUCACIÓN Y SOCIEDAD",MIRADA CRÍTICA,2015,"CAMPUS TECNOLÓGICO FÁBRICA DE ARMAS- AVDA CARLOS III, 21.",925 26 88 00 ext5937,925 26 88 00,NATALIA.SOLANO@UCLM.ES,https://blog.uclm.es/grupomiradacritica/,TOLEDO,,0,0,9,1,1,https://www.uclm.es/Home/Misiones/Investigacion/OfertaCientificoTecnica/GruposInvestigacion/DetalleGrupo?idgrupo=347
349,ESTUDIOS INTERDISCIPLINARES DE LITERATURA Y ARTE,LYA,2015,FACULTAD DE HUMANIDADES,967 599200,967 599224,MARGARITA.RIGAL@UCLM.ES,,ALBACETE,,0,0,9,1,1,https://www.uclm.es/Home/Misiones/Investigacion/OfertaCientificoTecnica/GruposInvestigacion/DetalleGrupo?idgrupo=349
351,GRUPO DE ESTUDIOS MODERNISTAS,GEM,1999,"FACULTAD DE LETRAS, AVDA. CAMILO JOSÉ CELA, S7N. 13.071-CIUDAD REAL",926 295300 - ext. 6.695,926 295312,PORFIRIO.SANZ@UCLM.ES,,CIUDAD REAL,,0,0,9,1,1,https://www.uclm.es/Home/Misiones/Investigacion/OfertaCientificoTecnica/GruposInvestigacion/DetalleGrupo?idgrupo=351
352,GRUPO DE INNOVACIÓN Y EVALUACIÓN EN SERVICIOS SOCIALES Y TRABAJO SOCIAL,GIESS UCLM,2015,EDIFICIO MELCHOR CANO. CAMPUS UNIVERSITARIO DE LA UCLM. CAMINO DEL POZUELO S/Nº. 16071-CUENCA,(+34) 926053787,(+34) 969179120,FCOJOSE.GALLEGO@UCLM.ES,,CUENCA,,0,0,9,1,1,https://www.uclm.es/Home/Misiones/Investigacion/OfertaCientificoTecnica/GruposInvestigacion/DetalleGrupo?idgrupo=352
353,GRUPO DE INVESTIGACION DE DERECHO INTERNACIONAL PRIVADO,GIDIPR,2015,"FAC. CIENCIAS SOCIALES DE CUENCA // AVDA. DE LOS ALFARES, 44 16071 CUENCA",926053916,Email de contacto:,LORENA.SALES@UCLM.ES,,CUENCA,,0,0,9,1,1,https://www.uclm.es/Home/Misiones/Investigacion/OfertaCientificoTecnica/GruposInvestigacion/DetalleGrupo?idgrupo=353
355,ATENUACIÓN Y OFENSA EN EL DISCURSO,AODIS,2016,FACULTAD DE EDUCACIÓN. PLAZA DE LA UNIVERSIDAD 3. 02071 ALBACETE,967599200 (2519),967599229,ELIECER.CRESPO@UCLM.ES,,ALBACETE,,0,0,9,1,1,https://www.uclm.es/Home/Misiones/Investigacion/OfertaCientificoTecnica/GruposInvestigacion/DetalleGrupo?idgrupo=355
357,GRUPO DE ACTIVIDADES PREVENTIVAS EN EL ÁMBITO UNIVERSITARIO DE CIENCIAS DE LA SALUD,GAP-CS,2016,"AULARIO BENJAMIN PALENCIA, CAMPUS UNIVERSITARIO SN - ALBACETE",+ (34) 967599200 EXTE 2717,+ (34) 967599202,ANGEL.LOPEZ@UCLM.ES,,ALBACETE,,0,0,9,1,1,https://www.uclm.es/Home/Misiones/Investigacion/OfertaCientificoTecnica/GruposInvestigacion/DetalleGrupo?idgrupo=357
359,"EMOCIÓN Y COGNICIÓN SOCIAL EN CONTEXTOS BÁSICOS, CLÍNICOS Y EDUCATIVOS",EMOCOG,2015,FACULTAD DE MEDICINA DE CIUDAD REAL. Cº DE MOLEDORES S/N. 13071 CIUDAD REAL. FACULTAD DE EDUCACIÓN DE CIUDAD REAL. RONDA DE CALATRAVA 3. 13071 CIUDAD REAL.,926295300 Ext: 6839,926295300,DARIO.DIAZ@UCLM.ES,,CIUDAD REAL,,0,0,9,1,1,https://www.uclm.es/Home/Misiones/Investigacion/OfertaCientificoTecnica/GruposInvestigacion/DetalleGrupo?idgrupo=359
360,LA MIRADA DEL OTRO EN LA LITERATURA ANGLÓFONA Y FRANCÓFONA,MOLAF,2016,"UCLM. DEPARTAMENTO DE FILOLOGÍA MODERNA. FACULTAD DE LETRAS. AVDA. CAMILO JOSÉ CELA, S/N. 13071 CIUDAD REAL.",926 29 53 00 (ext. 6676),926 295 312,MONSERRAT.MORALES@UCLM.ES,,CIUDAD REAL,,0,0,9,1,1,https://www.uclm.es/Home/Misiones/Investigacion/OfertaCientificoTecnica/GruposInvestigacion/DetalleGrupo?idgrupo=360
361,ESTUDIOS MOLECULARES APLICADOS A CIENCIAS DE LA SALUD,EMAS,2016,"FACULTAD DE MEDICINA, PASEO DE MOLEDORES, CIUDAD REAL",926295300 (EXT. 6841),926295300,INMACULADA.BYANEZ@UCLM.ES,,CIUDAD REAL,,0,0,9,1,1,https://www.uclm.es/Home/Misiones/Investigacion/OfertaCientificoTecnica/GruposInvestigacion/DetalleGrupo?idgrupo=361
362,ENSEÑANZA DE LAS MATEMÁTICAS,EMAT,2016,"EDIFICIO POLITÉCNICO, AVDA. CAMILO JOSÉ CELA, S/N, 13071, CIUDAD REAL",926295395,926295391,CRISTINA.SOLARES@UCLM.ES,,CIUDAD REAL,,0,0,9,1,1,https://www.uclm.es/Home/Misiones/Investigacion/OfertaCientificoTecnica/GruposInvestigacion/DetalleGrupo?idgrupo=362
363,LABORATORIO DE ANÁLISIS PREDICTIVO,PREDILAB,2016,"ETS INGENIEROS INDUSTRIALES DE CIUDAD REAL, AVDA. CAMILO JOSÉ CELA S/N",3863/3488,+34926295361,CARMEN.CARNERO@UCLM.ES,,CIUDAD REAL,Pertenece a Cytema,0,0,9,1,1,https://www.uclm.es/Home/Misiones/Investigacion/OfertaCientificoTecnica/GruposInvestigacion/DetalleGrupo?idgrupo=363
364,MULTIEDU. INVESTIGACIÓN E INNOVACIÓN EDUCATIVA,MULTIEDU,2016,"RONDA DE CALATRAVA, 3. CIUDAD REAL",926295300,926295315,MANGELES.RODRIGUEZ@UCLM.ES,https://www.uclm.es/home/misiones/investigacion/ofertacientificotecnica/gruposinvestigacion/detallegrupo?idgrupo=364,CIUDAD REAL,Pertenece a Cytema,4,0,9,1,1,https://www.uclm.es/Home/Misiones/Investigacion/OfertaCientificoTecnica/GruposInvestigacion/DetalleGrupo?idgrupo=364
365,PRECISION AGROFORESTAL Y CARTOGRAFICA,PAFYC,2017,"IDR, ETSIAM",967599200. EXT: 2825,967599269,JOSE.ORTEGA@UCLM.ES,pafyc.uclm.es,ALBACETE,,4,0,9,1,1,https://www.uclm.es/Home/Misiones/Investigacion/OfertaCientificoTecnica/GruposInvestigacion/DetalleGrupo?idgrupo=365
367,"EDUCACIÓN, GENERO, TRABAJO Y SOCIEDAD EN CASTILLA-LA MANCHA",EDUTRASOC-CLM,2016,"FACULTAD DE EDUCACIÓN. RONDA DE CALATRAVA, 3. 13003 CIUDAD REAL",926295300. Ext. 6362,926 29 53 15.,PALOMA.CANDELA@UCLM.ES,,CIUDAD REAL,,0,0,9,1,1,https://www.uclm.es/Home/Misiones/Investigacion/OfertaCientificoTecnica/GruposInvestigacion/DetalleGrupo?idgrupo=367
368,DISCAPACIDAD Y POLITICAS PUBLICAS,DISCAPUBLIC,2017,"FTAD. DERECHO, PLAZA UNIVERSIDAD, 1 - ALBACETE (02071)",967599200-EXT 2111,967599216,JUANA.MORCILLO@UCLM.ES,http://incluyeeinsertauclm.es,ALBACETE,,0,0,9,1,1,https://www.uclm.es/Home/Misiones/Investigacion/OfertaCientificoTecnica/GruposInvestigacion/DetalleGrupo?idgrupo=368
370,FÍSICA APLICADA A LA MECANICA DE FLUIDOS,APPLE,2017,"AV. CAMILO JOSÉ CELA S/N, EDIFICIO POLITÉCNICO, CIUDAD REAL",926 295 300 - EXT. 3882,MANUELD.BARRIGA@UCLM.ES,MANUELD.BARRIGA@UCLM.ES,https://www.uclm.es/grupos/apple,CIUDAD REAL,,0,0,9,1,1,https://www.uclm.es/Home/Misiones/Investigacion/OfertaCientificoTecnica/GruposInvestigacion/DetalleGrupo?idgrupo=370
371,"CARACTERIZACIÓN, DESARROLLO Y BIOTECNOLOGÍA DE ALIMENTOS",PROBIO-Q,2017,EDIFICIO MARIE CURIE. AVDA. CAMILO JOSÉ CELA,926 295300,926 29 53 18,JUSTAMARIA.POVEDA@UCLM.ES,,TOLEDO,,0,0,9,1,1,https://www.uclm.es/Home/Misiones/Investigacion/OfertaCientificoTecnica/GruposInvestigacion/DetalleGrupo?idgrupo=371
373,INVESTIGACION EN CUIDADOS DE ENFERMERIA,ICE,2017,FACULTAD DE ENFERMERIA (CR),926 295381,926 295380,CARMINA.PRADO@UCLM.ES,,CIUDAD REAL,,0,0,9,1,1,https://www.uclm.es/Home/Misiones/Investigacion/OfertaCientificoTecnica/GruposInvestigacion/DetalleGrupo?idgrupo=373
374,SEMINARIO DE ECONOMÍA SOSTENIBLE,SES,2017,FACULTAD DE DERECHO Y CIENCIAS SOCIALES DE CIUDAD REAL,926 05 25 92,Email de contacto:,MARIAJESUS.RUIZ@UCLM.ES,http://blog.uclm.es/gruposes/,CIUDAD REAL,Pertenece a Cytema,0,0,9,1,1,https://www.uclm.es/Home/Misiones/Investigacion/OfertaCientificoTecnica/GruposInvestigacion/DetalleGrupo?idgrupo=374
383,CONFLUENCIAS. GRUPO DE INVESTIGACIÓN DEL CENTRO DE ESTUDIOS DE CASTILLA-LA MANCHA,CONFLUENCIAS,2017,CENTRO DE ESTUDIOS DE CASTILLA-LA MANCHA. AVDA. CAMILO JOSÉ CELA S/N. 13071 CIUDAD REAL,926.295300. Ext. 3176,926.295312,ESTHER.ALMARCHA@UCLM.ES,http://www.uclm.es/ceclm,CIUDAD REAL,,0,0,9,1,1,https://www.uclm.es/Home/Misiones/Investigacion/OfertaCientificoTecnica/GruposInvestigacion/DetalleGrupo?idgrupo=383
384,PSICOLOGIA SOCIAL Y EVOLUTIVA,PSYE,2017,"FACULTAD DE CIENCIAS DE LA EDUCACIÓN Y HUMANIDADES, AVDA. LOS ALFARES, 44. 16002 CUENCA",969179100,969179107,MISABEL.MARTINEZ@UCLM.ES,,CUENCA,,0,0,9,1,1,https://www.uclm.es/Home/Misiones/Investigacion/OfertaCientificoTecnica/GruposInvestigacion/DetalleGrupo?idgrupo=384
385,DISEÑO Y PROCESADO AVANZADO DE MATERIALES,DYPAM,2017,ETSII-INEI AVDA. CAMILO JOSE CELA S/N 13071 CIUDAD REAL,926295300,926295300,GEMMA.HERRANZ@UCLM.ES,https://dypam-uclm.com/,CIUDAD REAL,,0,0,9,1,1,https://www.uclm.es/Home/Misiones/Investigacion/OfertaCientificoTecnica/GruposInvestigacion/DetalleGrupo?idgrupo=385
386,ESTADO Y COMUNICACION,ESTACOM,2017,FACULTAD DE BELLAS ARTES. CAMPUS UNIVERSITARIO. 16071 CUENCA,969179100 EXT: 4526,(+34) 969 179 102,GUILLERMO.NAVARRO@UCLM.ES,,CUENCA,,0,0,9,1,1,https://www.uclm.es/Home/Misiones/Investigacion/OfertaCientificoTecnica/GruposInvestigacion/DetalleGrupo?idgrupo=386
388,INVESTIGACIÓN MULTIDISCIPLINAR EN CUIDADOS,IMCU,2017,"CAMPUS TECNOLÓGICO ""FÁBRICA DE ARMAS"" AV. CARLOS III S/N",925268800,925268800,ANAISABEL.COBO@UCLM.ES,https://www.uclm.es/grupos/imcu,TOLEDO,,0,0,9,1,1,https://www.uclm.es/Home/Misiones/Investigacion/OfertaCientificoTecnica/GruposInvestigacion/DetalleGrupo?idgrupo=388
389,POLÍTICA CRIMINAL,PCRIM,2017,"FACULTAD DE DERECHO - CAMPUS DE ALBACETE/ PLAZA DE LA UNIVERSIDAD, 1",629815057,967599216,NICOLAS.GARCIA@UCLM.ES,,ALBACETE,,0,0,9,1,1,https://www.uclm.es/Home/Misiones/Investigacion/OfertaCientificoTecnica/GruposInvestigacion/DetalleGrupo?idgrupo=389
390,DISEÑO Y EVALUACIÓN DE FÁRMACOS ANTITUMORALES,DEFARMA,2017,"AVDA. CARLOS II, S/N, 45071 TOLEDO",+34 926 05 17 60,Email de contacto:,MJ.RUIZ@UCLM.ES,,TOLEDO,,0,0,9,1,1,https://www.uclm.es/Home/Misiones/Investigacion/OfertaCientificoTecnica/GruposInvestigacion/DetalleGrupo?idgrupo=390
391,GRUPOTOL,TT,2017,"ESCUELA DE ARQUITECTURA UCLM. CAMPUS TECNOLÓGICO FÁBRICA DE ARMAS. AVDA CARLOS III S/N, EDIFICIO 21.",925268800,925268800,JUANIGNACIO.MERA@UCLM.ES,,TOLEDO,,0,0,9,1,1,https://www.uclm.es/Home/Misiones/Investigacion/OfertaCientificoTecnica/GruposInvestigacion/DetalleGrupo?idgrupo=391
392,GRUPO DE NEUROHISTOLOGÍA Y DESARROLLO,NYD,2018,FACULTAD DE MEDICINA DE ALBACETE. C/ ALMANSA 14. 02006 ALBACETE,2931,967599327,JUANRAMON.MARTINEZ@UCLM.ES,,ALBACETE,,0,0,9,1,1,https://www.uclm.es/Home/Misiones/Investigacion/OfertaCientificoTecnica/GruposInvestigacion/DetalleGrupo?idgrupo=392
393,GRUPO DE INVESTIGACIÓN EN ECONOMÍA DE LA SALUD Y GESTIÓN SANITARIA,GIES,2005,FACULTAD DE CIENCIAS JURÍDICAS Y SOCIALES DE TOLEDO. COBERTIZO DE SAN PEDRO MÁRTIR S/N. 45071. TOLEDO,925265741,902204130,ALVARO.HIDALGO@UCLM.ES,http://www.uclm.es/area/fae/sies.html,TOLEDO,,0,0,9,1,1,https://www.uclm.es/Home/Misiones/Investigacion/OfertaCientificoTecnica/GruposInvestigacion/DetalleGrupo?idgrupo=393
394,GRUPO DE INVESTIGACIÓN DE TEATRO CLÁSICO ESPAÑOL,GITCE,2018,"FACULTAD DE LETRAS. AVDA. CAMILO JOSÉ CELA, S/N 13071 CIUDAD REAL",926295300,926295312,RAFAEL.GCANAL@UCLM.ES,,CIUDAD REAL,,0,0,9,1,1,https://www.uclm.es/Home/Misiones/Investigacion/OfertaCientificoTecnica/GruposInvestigacion/DetalleGrupo?idgrupo=394
395,"COMUNICACIÓN, APRENDIZAJE Y COMPETENCIAS EN LENGUA EXTRANJERA",CACLE,2018,"AVD. CARLOS III, S/N",ext 5921,-,GEMA.ALCARAZ@UCLM.ES,,TOLEDO,,0,0,9,1,1,https://www.uclm.es/Home/Misiones/Investigacion/OfertaCientificoTecnica/GruposInvestigacion/DetalleGrupo?idgrupo=395
396,SEMINARIO PERMANENTE DE ESTUDIOS CONTEMPORÁNEOS,SPEC,2016,FACULTAD DE COMUNICACIÓN - PLAZA DE LA LIBERTAD DE EXPRESIÓN S/N (CAMPUS UNIVERSITARIO) 16.071 - CUENCA,9691791,9691791,HUMANIDADES.CU.SPEC@UCLM.ES,https://www.facebook.com/seminariopermanenteestudi,CUENCA,,0,0,9,1,1,https://www.uclm.es/Home/Misiones/Investigacion/OfertaCientificoTecnica/GruposInvestigacion/DetalleGrupo?idgrupo=396
397,HOSPITAL DE CIUDAD REAL,CRH,2019,"HOSPITAL DE CIUDAD REAL, CALLE OBISPO RAFAEL TORIJA, S/N",654526958,926278000 (Extensión 79742),FEOBRITO1@GMAIL.COM,,CIUDAD REAL,,0,0,9,1,1,https://www.uclm.es/Home/Misiones/Investigacion/OfertaCientificoTecnica/GruposInvestigacion/DetalleGrupo?idgrupo=397
398,"GRUPO DE APLICACIONES DE MICROONDAS Y MILIMÉTRICAS, Y ANTENAS",GAMMA,2019,"INSTITUTO DE TECNOLOGÍA, CONSTRUCCIÓN Y TELECOMUNICACIONES. CAMPUS DE CUENCA",671981302,969179119,ANGEL.BELENGUER@UCLM.ES,,CUENCA,,0,0,9,1,1,https://www.uclm.es/Home/Misiones/Investigacion/OfertaCientificoTecnica/GruposInvestigacion/DetalleGrupo?idgrupo=398
400,DISEÑO GEOMÉTRICO Y FABRICACIÓN ASISTIDOS POR ORDENADOR,CAD-CAM,2019,"ESCUELA TÉCNICA SUPERIOR DE INGENIEROS INDUSTRIALES DE CIUDAD REAL, IMACI, INEI",926295218,926295361,PEDRO.NUNEZ@UCLM.ES,,CIUDAD REAL,,0,0,9,1,1,https://www.uclm.es/Home/Misiones/Investigacion/OfertaCientificoTecnica/GruposInvestigacion/DetalleGrupo?idgrupo=400
402,GRUPO DE INVESTIGACIÓN EN MÉTODOS MATEMÁTICOS Y MODELIZACIÓN APLICADOS A LA INDUSTRIA AEROESPACIAL Y A LA BIOINGENIERÍA.,MMMAIA&B,2019,CAMPUS FÁBRICA DE ARMAS DE TOLEDO. FACULTAD DE CIENCIAS AMBIENTALES Y BIOQUÍMICA.,630028181,-,JULIO.MUNOZ@UCLM.ES,,TOLEDO,,0,0,9,1,1,https://www.uclm.es/Home/Misiones/Investigacion/OfertaCientificoTecnica/GruposInvestigacion/DetalleGrupo?idgrupo=402
403,GRUPO DE INVESTIGACIÓN EN BIOINGENIERÍA E INGENIERÍA AMBIENTAL BIOINGAMB,BIOINGAMB,2019,ESCUELA DE INGENIERÍA INDUSTRIAL Y AEROESPACIAL DE TOLEDO,925268800,925268800,MARIATERESA.BAEZA@UCLM.ES,,CIUDAD REAL,,0,0,9,1,1,https://www.uclm.es/Home/Misiones/Investigacion/OfertaCientificoTecnica/GruposInvestigacion/DetalleGrupo?idgrupo=403
404,MANTIS,MANTIS,2019,INSTITUTO DE INVESTIGACIÓN APLICADA A LA INDUSTRIA AERONÁUTICA. UCLM - CAMPUS FÁBRICA DE ARMAS. 45005 TOLEDO,646396848,902204130,FRANCISCO.MOYA@UCLM.ES,https://uclm-mantis.github.io/,TOLEDO,,0,0,9,1,1,https://www.uclm.es/Home/Misiones/Investigacion/OfertaCientificoTecnica/GruposInvestigacion/DetalleGrupo?idgrupo=404
405,ORGANOMETÁLICOS Y CATÁLISIS SOSTENIBLE,ORCATS,2019,"AVD. CAMILO JOSÉ CELA Nº10, FACULTAD DE CIENCIAS Y TECNOLOGÍAS QUÍMICAS. 13071-CIUDAD REAL",926295300,926295318,AGUSTIN.LARA@UCLM.ES,,CIUDAD REAL,,0,0,9,1,1,https://www.uclm.es/Home/Misiones/Investigacion/OfertaCientificoTecnica/GruposInvestigacion/DetalleGrupo?idgrupo=405
407,SISTEMA DE INFORMACIÓN EMPRESARIAL RESPONSABLE: LA CONTABILIDAD Y LA INFORMACIÓN NO FINANCIERA.,SIER,2020,"FACULTAD DE CIENCIAS JURIDICAS Y SOCIALES. COBERTIZO DE SAN PEDRO MÁRTIR, S/N 45071 TOLEDO",925268877,925268801,ANGELA.JIMENEZ@UCLM.ES,,TOLEDO,,0,0,9,1,1,https://www.uclm.es/Home/Misiones/Investigacion/OfertaCientificoTecnica/GruposInvestigacion/DetalleGrupo?idgrupo=407
408,PRÓXIMO ORIENTE Y MEDITERRÁNEO ANTIGUOS,POMA,2020,FACULTAD DE HUMANIDADES DE ALBACETE - CAMPUS UNIVERSITARIO S/N - EDIFICIO BENJAMÍN PALENCIA - 02071 ALBACETE,926053315,Email de contacto:,JUANANTONIO.BELMONTE@UCLM.ES,https://www.uclm.es/grupos/poma,ALBACETE,,0,0,9,1,1,https://www.uclm.es/Home/Misiones/Investigacion/OfertaCientificoTecnica/GruposInvestigacion/DetalleGrupo?idgrupo=408
409,"GRUPO INCLUSIÓN, EQUIDAD Y POLÍTICAS SOCIALES",GIEPS,2020,EDUARDO DÍAZ HERRÁIZ,925721010 ext. 5654,925721011,EDUARDO.DIAZ@UCLM.ES,,TALAVERA,,0,0,9,1,1,https://www.uclm.es/Home/Misiones/Investigacion/OfertaCientificoTecnica/GruposInvestigacion/DetalleGrupo?idgrupo=409
410,CREACIÓN Y ARTE SONORO,CAS,2020,"C/ SANTA TERESA JORNET, S/N",969179100,969179102,JAVIER.ARIZA@UCLM.ES,https://www.uclm.es/centros-investigacion/cdce,CUENCA,,0,0,9,1,1,https://www.uclm.es/Home/Misiones/Investigacion/OfertaCientificoTecnica/GruposInvestigacion/DetalleGrupo?idgrupo=410
411,DIDÁCTICA DE LENGUAS EXTRANJERAS Y ARTE,DILEAR,2021,ESTHER NIETO MORENO DE DIEZMAS,629054935,926295300,ESTHER.NIETO@UCLM.ES,,CIUDAD REAL,,0,0,9,1,1,https://www.uclm.es/Home/Misiones/Investigacion/OfertaCientificoTecnica/GruposInvestigacion/DetalleGrupo?idgrupo=411
412,TRANSFORMACIONES Y RETOS DEL ESTADO Y LA SOCIEDAD,TRES,2021,FACULTAD DE CIENCIAS SOCIALES DE TALAVERA DE LA REINA UNIVERSIDAD DE CASTILLA-LA MANCHA,926209001,926209001,JOSE.GMOLINA@UCLM.ES,,TALAVERA,,0,0,9,1,1,https://www.uclm.es/Home/Misiones/Investigacion/OfertaCientificoTecnica/GruposInvestigacion/DetalleGrupo?idgrupo=412
413,GRUPO DE INVESTIGACIÓN CLAVES HISTÓRICAS CONTEMPORÁNEAS,CLAVHISCON,2021,FACULTAD DE LETRAS DE CIUDAD REAL,926295300,926295312,JANTONIO.CASTELLANOS@UCLM.ES,,CIUDAD REAL,,0,0,9,1,1,https://www.uclm.es/Home/Misiones/Investigacion/OfertaCientificoTecnica/GruposInvestigacion/DetalleGrupo?idgrupo=413
414,"NANOESTRUCTURAS MAGNÉTICAS, SUPERCONDUCTIVIDAD Y MICROSCOPÍA DE SONDA LOCAL",NASUMI,2021,CAMPUS FABRICA DE ARMAS,925265726,Email de contacto:,JOSEMIGUEL.COLINO@UCLM.ES,https://www.uclm.es/grupos/nasumi,TOLEDO,,0,0,9,1,1,https://www.uclm.es/Home/Misiones/Investigacion/OfertaCientificoTecnica/GruposInvestigacion/DetalleGrupo?idgrupo=414
415,DESARROLLO Y EVALUACIÓN DE NANOMEDICAMENTOS,DEVANA,2022,FACULTAD DE FARMACIA. AVDA DR. JOSE MARÍA SÁNCHEZ IBÁÑEZ.,926053542,Email de contacto:,MVICTORIA.LOZANO@UCLM.ES,,ALBACETE,,0,0,9,1,1,https://www.uclm.es/Home/Misiones/Investigacion/OfertaCientificoTecnica/GruposInvestigacion/DetalleGrupo?idgrupo=415
416,GRUPO DE INVESTIGACIÓN EN CIENCIAS SOCIALES Y GESTIÓN INTEGRADA DEL FUEGO,SOCIALGIF,2022,"AVENIDA DE LOS ALFARES, 44",969179100 Ext. 4317,Email de contacto:,CARMEN.VAZQUEZ@UCLM.ES,,CUENCA,,0,0,9,1,1,https://www.uclm.es/Home/Misiones/Investigacion/OfertaCientificoTecnica/GruposInvestigacion/DetalleGrupo?idgrupo=416
417,NEUROGÉNESIS Y NEUROESTEREOLOGÍA,NEGE,2022,"AVDA. DE ALMANSA, 14",926053082,Email de contacto:,EMILIO.ARTACHO@UCLM.ES,,ALBACETE,,0,0,9,1,1,https://www.uclm.es/Home/Misiones/Investigacion/OfertaCientificoTecnica/GruposInvestigacion/DetalleGrupo?idgrupo=417
419,INVESTIGACIÓN EN FISIOTERAPIA PEDIÁTRICA Y NEUROLÓGICA,IMPROVELAB,2022,"CAMPUS ANTIGUA FÁBRICA DE ARMAS. EDIFICIO 8.1. AVDA. CARLOS III, S/N.",926051821,Email de contacto:,ROCIO.PALOMO@UCLM.ES,https://www.uclm.es/grupos/improvelab,TOLEDO,,0,0,9,1,1,https://www.uclm.es/Home/Misiones/Investigacion/OfertaCientificoTecnica/GruposInvestigacion/DetalleGrupo?idgrupo=419
424,PERIODISMO: NARRATIVAS Y TECNOLOGÍAS,NARRATEC,2022,"FACULTAD DE COMUNICACIÓN AULARIO POLIVALENTE, CAMPUS UNIVERSITARIO, S/N, 16071",666784694,Email de contacto:,MARIAJOSE.UFARTE@UCLM.ES,,CUENCA,,0,0,9,1,1,https://www.uclm.es/Home/Misiones/Investigacion/OfertaCientificoTecnica/GruposInvestigacion/DetalleGrupo?idgrupo=424
425,"GRUPO DE INVESTIGACIÓN EN CALIDAD DE VIDA, SALUD Y ECONOMÍA",ECOHEALTH,2022,DEPARTAMENTO DE ECONOMÍA APLICADA I. FACULTAD DE CIENCIAS ECONÓMICAS Y EMPRESARIALES,635896312,Email de contacto:,CARMEN.SELVA@UCLM.ES,,ALBACETE,,0,0,9,1,1,https://www.uclm.es/Home/Misiones/Investigacion/OfertaCientificoTecnica/GruposInvestigacion/DetalleGrupo?idgrupo=425
432,INVESTIGACIÓN EN CUIDADOS DE LA SALUD CARDIOVASCULAR,CARVASCARE,2022,EDIFICIO MELCHOR CANO. C/ SANTA TERESA JORNET S/N,+34675568830,Email de contacto:,IVAN.CAVERO@UCLM.ES,,CUENCA,,0,0,9,1,1,https://www.uclm.es/Home/Misiones/Investigacion/OfertaCientificoTecnica/GruposInvestigacion/DetalleGrupo?idgrupo=432
433,ECOLOGÍA DEL FUEGO,ECOFUEGO,2022,INSTITUTO DE CIENCIAS AMBIENTALES (ICAM),+34 926 05 14 17,Email de contacto:,BEATRIZ.PEREZ@UCLM.ES,,TOLEDO,,0,0,9,1,1,https://www.uclm.es/Home/Misiones/Investigacion/OfertaCientificoTecnica/GruposInvestigacion/DetalleGrupo?idgrupo=433
434,GRUPO DE INVESTIGACIÓN EN EDUCACIÓN Y SALUD EN NIÑOS Y JÓVENES,EDUHEALTHY,2022,"FACULTAD DE EDUCACIÓN DE CIUDAD REAL, RONDA DE CALATRAVA, S/N, 13071",658585472,Email de contacto:,MAIRENA.SANCHEZ@UCLM.ES,,CIUDAD REAL,,0,0,9,1,1,https://www.uclm.es/Home/Misiones/Investigacion/OfertaCientificoTecnica/GruposInvestigacion/DetalleGrupo?idgrupo=434
435,"INVESTIGACION EN ENVEJECIMIENTO ACTIVO, ESTILOS DE VIDA SALUDABLE Y COGNICION",GRUPO AGE-ABC,2022,"EDIFICIO MELCHOR CANO. C/ SANTA TERESA JORNET, S/N",625729642,Email de contacto:,CELIA.ALVAREZBUENO@UCLM.ES,,CUENCA,,0,0,9,1,1,https://www.uclm.es/Home/Misiones/Investigacion/OfertaCientificoTecnica/GruposInvestigacion/DetalleGrupo?idgrupo=435
436,"GRUPO DE INVESTIGACIÓN DE SALUD, GÉNERO Y DETERMINANTES SOCIALES.",HEALS,2022,FACULTAD DE ENFERMERÍA DE CUENCA. EDIFICIO MELCHOR CANO,926 05 37 29,Email de contacto:,BLANCA.NOTARIO@UCLM.ES,,CUENCA,,0,0,9,1,1,https://www.uclm.es/Home/Misiones/Investigacion/OfertaCientificoTecnica/GruposInvestigacion/DetalleGrupo?idgrupo=436
437,"GRUPO DE INVESTIGACIÓN EN NUTRICIÓN, ESTILO DE VIDA Y SALUD MENTAL",NUTRI-MENTAL,2022,"CALLE CAMINO DE POZUELO, S/N",969 179 100,Email de contacto:,ARTHUR.EMESAS@UCLM.ES,,CUENCA,,0,0,9,1,1,https://www.uclm.es/Home/Misiones/Investigacion/OfertaCientificoTecnica/GruposInvestigacion/DetalleGrupo?idgrupo=437
438,ECOLOGÍA DEL FUEGO Y DE OTRAS PERTURBACIONES EN UN CONTEXTO DE CAMBIO GLOBAL,GLOBECO,2022,"AVD/ CARLOS III, S/N. 45071 TOLEDO",603785198,Email de contacto:,OLGA.VIEDMA@UCLM.ES,,TOLEDO,Pertenece a Cytema,0,0,9,1,1,https://www.uclm.es/Home/Misiones/Investigacion/OfertaCientificoTecnica/GruposInvestigacion/DetalleGrupo?idgrupo=438
439,"TECNOLOGÍA, ENVEJECIMIENTO Y SALUD",INVETES,2023,ESCUELA POLITÉCNICA. CAMINO DEL POZUELO SN,+34 926 05 40 49,Email de contacto:,RAQUEL.CERVIGON@UCLM.ES,,CUENCA,,0,0,9,1,1,https://www.uclm.es/Home/Misiones/Investigacion/OfertaCientificoTecnica/GruposInvestigacion/DetalleGrupo?idgrupo=439
440,"NUTRICIÓN, SALUD Y ATENCIÓN FARMACÉUTICA",NUTRI-SAF,2023,AVDA. DOCTOR JOSÉ MARÍA SÁNCHEZ IBÁÑEZ S/N. 02071. FACULTAD DE FARMACIA,926053360,Email de contacto:,LUCIAISABEL.CASTRO@UCLM.ES,,ALBACETE,,0,0,9,1,1,https://www.uclm.es/Home/Misiones/Investigacion/OfertaCientificoTecnica/GruposInvestigacion/DetalleGrupo?idgrupo=440
445,"FILOSOFÍA Y ANTROPOLOGÍA: COSMOPOLITISMO, GLOBALIZACIÓN Y DERECHOS HUMANOS",FACGDH,2024,CAMPUS UNIVERSITARIO S/N EDIFICIO BENJAMÍN PALENCIA 02071 ALBACETE,+34678951652,Email de contacto:,ALEJANDRO.HARO@UCLM.ES,,ALBACETE,,0,0,9,1,1,https://www.uclm.es/Home/Misiones/Investigacion/OfertaCientificoTecnica/GruposInvestigacion/DetalleGrupo?idgrupo=445
446,TOLEDO E ITALIA. RELACIONES ARTISTICAS DE IDA Y VUELTA EN LA EDAD MODERNA (SS. XVI-XVIII),TOLEITA,2024,FACULTAD DE HUMANIDADES DE TOLEDO. PLAZA DE PADILLA S/N 45071 TOLEDO,677528130,Email de contacto:,PALMA.MARTINEZ@UCLM.ES,,TOLEDO,,0,0,9,1,1,https://www.uclm.es/Home/Misiones/Investigacion/OfertaCientificoTecnica/GruposInvestigacion/DetalleGrupo?idgrupo=446
447,NUTRACÉUTICOS Y ENFERMEDADES NEUROENDOCRINAS Y NEURODEGENERATIVAS,NUENE,2024,FACULTAD DE CIENCIAS AMBIENTALES Y BIOQUÍMICA. CAMPUS TECNOLÓGICO FÁBRICA DE ARMAS. AVDA. CARLOS III S/N. 45071,926 05 14 86,Email de contacto:,EMMA.BURGOS@UCLM.ES,,TOLEDO,,0,0,9,1,1,https://www.uclm.es/Home/Misiones/Investigacion/OfertaCientificoTecnica/GruposInvestigacion/DetalleGrupo?idgrupo=447
451,"GRUPO DE INVESTIGACIÓN LITERATURA, IMAGEN, MÚSICA: INVESTIGACIÓN EN TERRITORIOS DE LA ESTÉTICA",LÍMITE,2024,"FACULTAD DE EDUCACIÓN, PLAZA DE LA UNIVERSIDAD, 3",620836482,Email de contacto:,MARIAVALLEDE.MOYA@UCLM.ES,,ALBACETE,Pertenece a Cytema,0,0,9,1,1,https://www.uclm.es/Home/Misiones/Investigacion/OfertaCientificoTecnica/GruposInvestigacion/DetalleGrupo?idgrupo=451
454,GRUPO DE INVESTIGACIÓN EN CIENCIAS SOCIALES,GICSOC,2025,"PLAZA DE LA UNIVERSIDAD, 1",655848062,Email de contacto:,ANGEL.TEJADA@UCLM.ES,,ALBACETE,,0,0,9,1,1,https://www.uclm.es/Home/Misiones/Investigacion/OfertaCientificoTecnica/GruposInvestigacion/DetalleGrupo?idgrupo=454
455,"COMPUTACIÓN MÉDICA, E-SALUD Y TECNOLOGÍAS AVANZADAS",COMETA,2025,"CAMINO DEL POZUELO S/N, CAMPUS UNIVERSITARIO, CUENCA. 16071",+34 926 05 37 18,Email de contacto:,ARTURO.MARTINEZ@UCLM.ES,,CUENCA,,0,0,9,1,1,https://www.uclm.es/Home/Misiones/Investigacion/OfertaCientificoTecnica/GruposInvestigacion/DetalleGrupo?idgrupo=455
456,GRUPO INTERDISCIPLINAR DE FÍSICA TEÓRICA Y EXPERIMENTAL,INTERTEP,2025,"AVDA. CARLOS III S/N, 45071 | TOLEDO, ESPAÑA",639889837,Email de contacto:,MARCOANTONIO.LOPEZ@UCLM.ES,,TOLEDO,,0,0,9,1,1,https://www.uclm.es/Home/Misiones/Investigacion/OfertaCientificoTecnica/GruposInvestigacion/DetalleGrupo?idgrupo=456
457,INCLUSIÓN Y DIVERSIDAD EN EDUCACIÓN: ESTRATEGIAS DE APRENDIZAJE Y LIDERAZGO PARA EL SIGLO XXI,IDEAL,2024,FACULTAD DE EDUCACIÓN DE CIUDAD REAL,926 05 27 03,Email de contacto:,OSCAR.NAVARRO@UCLM.ES,https://www.uclm.es/misiones/investigacion/ofertacientificotecnica/gruposinvestigacion/detallegrupo?idgrupo=457#ris3,CIUDAD REAL,,0,0,9,1,1,https://www.uclm.es/Home/Misiones/Investigacion/OfertaCientificoTecnica/GruposInvestigacion/DetalleGrupo?idgrupo=457
